entry_number,entry_name,slot,team,submitted_at_utc
1,Stow 1,1A,JAX,2026-09-09T14:18:10Z
1,BankofMarquis 1,1A,JAX,2026-08-23T00:33:30Z
1,Ron Diedrich 1,1A,LAC,2026-09-03T11:24:53Z
1,BossHogg 1,1A,PIT,2026-09-12T23:05:52Z
1,Duncan 1,1A,JAX,2026-08-29T20:39:30Z
1,Dobolicious 1,1A,JAX,2026-08-26T01:27:38Z
1,QueenJoanie 1,1A,TEN,2026-08-23T06:56:09Z
1,ButterBob 1,1A,SEA,2026-09-09T21:23:28Z
1,Larry Hess 1,1A,DET,2026-08-23T20:07:56Z
1,RecklessDZ 1,1A,JAX,2026-09-09T13:06:39Z
1,Oki 1,1A,LV,2026-09-09T21:47:01Z
1,Tim The Enchanter 1,1A,LV,2026-09-07T17:09:20Z
1,Sportmutt 1,1A,DET,2026-08-23T20:52:28Z
1,RobbyMcRobface 1,1A,DET,2026-09-08T22:31:57Z
1,Kory Isley 1,1A,LAC,2026-09-09T00:44:54Z
1,BBdan 1,1A,JAX,2026-08-23T21:32:13Z
1,Chronos 1,1A,LAC,2026-09-01T15:21:47Z
1,SUMountaineer 1,1A,LAC,2026-09-09T13:05:26Z
1,Todd G 1,1A,LAC,2026-09-03T01:28:07Z
1,Brady G 1,1A,LAC,2026-09-02T01:41:10Z
1,Robert Dean 1,1A,NYJ,2026-09-08T22:04:50Z
1,RudyIrish 1,1A,LV,2026-09-08T11:21:43Z
1,actionjlc 1,1A,DET,2026-09-06T19:59:17Z
1,kitten 1,1A,JAX,2026-09-06T19:58:47Z
1,TurtlePower 1,1A,JAX,2026-09-07T18:33:54Z
1,JL2320 1,1A,LV,2026-08-31T14:33:44Z
1,Kathy S 1,1A,JAX,2026-09-09T00:02:03Z
1,Susan K 1,1A,LAC,2026-09-08T22:24:04Z
1,HSJL 1,1A,PIT,2026-09-03T22:36:16Z
1,Scoots28 1,1A,LV,2026-09-11T22:57:36Z
1,Masterdeflater  (AI) 1,1A,JAX,2026-09-05T15:11:19Z
1,Marty Johnson 1,1A,JAX,2026-08-27T05:06:54Z
1,sweat hogs 1,1A,JAX,2026-09-12T23:15:12Z
1,Muskhogeans 1,1A,PHI,2026-09-12T23:16:19Z
1,shogi 1,1A,LV,2026-09-12T23:17:29Z
1,Merril Hoge 1,1A,DET,2026-09-12T23:19:04Z
1,orthogonal 1,1A,CHI,2026-09-12T23:19:54Z
1,Nicks picks 1,1A,DET,2026-09-13T03:45:06Z
1,PerHansa 1,1A,LAC,2026-08-24T03:32:49Z
1,Number 9 1,1A,LAR,2026-08-30T20:26:16Z
1,KC Wildcats 1,1A,LAC,2026-08-24T12:43:34Z
1,&rusko1 1,1A,PIT,2026-09-11T16:00:23Z
1,&rusko2 1,1A,PIT,2026-09-11T16:00:28Z
1,Mitch's Maniacs 1,1A,JAX,2026-08-25T01:29:36Z
1,Mitchel 1,1A,JAX,2026-08-28T04:08:45Z
1,Bottom Feeder 1,1A,TEN,2026-08-30T13:29:29Z
1,Byrdman 1,1A,LAC,2026-08-28T13:53:21Z
1,ROTNONE 1,1A,NYG,2026-09-04T19:22:10Z
1,Gabs 1 1,1A,DET,2026-08-24T13:54:23Z
1,Gabs 2 1,1A,JAX,2026-09-02T20:37:08Z
1,Gabs 3 1,1A,LAC,2026-09-09T20:15:29Z
1,Tom McNeil 1,1A,JAX,2026-09-02T14:13:22Z
1,The Rocket 1,1A,DET,2026-08-31T17:50:41Z
1,CoorsBanquet 1,1A,JAX,2026-09-06T00:09:16Z
1,BusterJrH 1,1A,JAX,2026-09-06T22:06:26Z
1,FishKing17 1,1A,JAX,2026-08-24T14:37:25Z
1,Hendricks 1,1A,LAC,2026-08-24T16:01:12Z
1,Copalman1 1,1A,CHI,2026-09-05T16:03:04Z
1,Copalman2 1,1A,JAX,2026-09-05T16:03:18Z
1,Copalman3 1,1A,LV,2026-09-05T16:03:30Z
1,Karomaro 1,1A,DET,2026-09-08T16:34:31Z
1,SHAQFU19 1,1A,JAX,2026-08-24T15:35:59Z
1,Dawn 1,1A,DAL,2026-09-05T01:09:43Z
1,Jedi bob 1,1A,LAC,2026-08-24T15:46:52Z
1,Brinkman 1,1A,LAC,2026-08-24T15:54:45Z
1,X-Ray 1,1A,LV,2026-09-05T20:03:06Z
1,Drago 1,1A,LAC,2026-08-25T14:21:16Z
1,ChrisN 1,1A,JAX,2026-09-09T16:44:14Z
1,Gwaz 1,1A,JAX,2026-09-01T13:50:35Z
1,.PALMER 1,1A,PIT,2026-09-08T22:25:10Z
1,DCloud 1,1A,LAC,2026-08-24T18:46:37Z
1,Mac Attack 1,1A,LAC,2026-09-08T18:18:08Z
1,iwasatthesswift-kelcewedding 1,1A,PHI,2026-09-08T19:48:06Z
1,Lep 1,1A,LAC,2026-08-24T19:07:40Z
1,Scott Brofman 1,1A,LAC,2026-08-24T19:58:29Z
1,CGully 1,1A,LAC,2026-08-24T20:09:07Z
1,Tamasi 1,1A,PIT,2026-09-08T20:15:46Z
1,Halvey 1,1A,DET,2026-08-24T21:49:35Z
1,James B 1,1A,LV,2026-09-09T13:04:38Z
1,Eastside 17 1,1A,DET,2026-09-08T23:55:41Z
1,Freddy Reyes 1,1A,NYJ,2026-09-13T15:18:25Z
1,Greenlun 1,1A,JAX,2026-09-03T20:53:46Z
1,danohara 1,1A,LAC,2026-09-09T14:09:28Z
1,CTEasymoney 1,1A,DET,2026-09-02T00:36:28Z
1,Get Stiggy With It 1,1A,LAC,2026-09-08T18:05:35Z
1,Mav1 1,1A,LAC,2026-08-25T02:19:04Z
1,Mav2 1,1A,LV,2026-09-13T03:24:07Z
1,Schwing 1,1A,DET,2026-09-01T22:44:24Z
1,Hain 1,1A,LV,2026-09-08T22:31:58Z
1,Jacob Goergen 1,1A,DET,2026-08-30T21:36:53Z
1,Danny Heldt 1,1A,PIT,2026-09-04T14:20:59Z
1,Honeycutt 1,1A,TEN,2026-08-25T15:14:40Z
1,Nube 1,1A,LAC,2026-09-03T18:16:52Z
1,Alex Allen 1,1A,LAC,2026-09-02T17:06:35Z
1,Python1 1,1A,LAC,2026-08-25T16:38:41Z
1,Jeri Lyn 1,1A,LV,2026-09-01T02:33:01Z
1,ThisIsTheYear 1,1A,LV,2026-08-25T18:56:28Z
1,RON JANSEN 1,1A,JAX,2026-08-29T16:18:21Z
1,3Strangedays 1,1A,PHI,2026-09-06T19:41:15Z
1,The Lock of the Week 1,1A,LV,2026-09-03T16:49:05Z
1,One Pump Love & Dump 1,1A,DET,2026-08-26T14:47:23Z
1,jpurrington 1,1A,LAC,2026-09-09T15:52:12Z
1,JonnyMain2 1,1A,JAX,2026-08-25T23:24:26Z
1,Jonny Main 1,1A,PIT,2026-08-25T23:30:45Z
1,Mike W. 1,1A,PIT,2026-09-01T20:50:27Z
1,Shannon 1,1A,LV,2026-09-04T03:13:35Z
1,TonerPirates 1,1A,DET,2026-08-26T00:27:45Z
1,Redgem 1,1A,LV,2026-09-09T15:25:43Z
1,Aaron W 1,1A,CIN,2026-09-09T11:52:22Z
1,Aaron W2 1,1A,PHI,2026-09-09T11:52:45Z
1,Eric Sexton 1,1A,LAC,2026-09-02T02:50:56Z
1,Bigtippers 1,1A,JAX,2026-08-26T13:26:04Z
1,BCAT 1,1A,LAC,2026-08-30T13:23:50Z
1,IBian 1,1A,TEN,2026-08-26T15:35:52Z
1,4HAM 1,1A,CHI,2026-09-13T11:22:56Z
1,Ibinger 1,1A,PIT,2026-09-05T02:56:43Z
1,Kerry S 64 1,1A,JAX,2026-08-26T17:07:31Z
1,Kerry S 7 1,1A,PIT,2026-08-26T17:08:35Z
1,Kerry S 18 1,1A,JAX,2026-08-26T17:08:42Z
1,Kerry S 17 1,1A,LAC,2026-08-26T17:08:47Z
1,Psorensen 1,1A,LAC,2026-08-26T18:10:40Z
1,SkolVikes 1,1A,DET,2026-09-08T15:11:27Z
1,Vendor 1,1A,DET,2026-09-09T00:43:25Z
1,Alvin 1,1A,LAC,2026-08-26T23:09:43Z
1,Marc M 1,1A,LAC,2026-09-13T20:12:25Z
1,Teeter 1,1A,JAX,2026-09-10T15:05:02Z
1,Russ H1 1,1A,LAC,2026-08-27T14:39:21Z
1,Russ H2 1,1A,JAX,2026-08-27T14:39:34Z
1,Tony G 1,1A,CIN,2026-08-27T21:25:31Z
1,McGee1 1,1A,JAX,2026-08-27T17:01:12Z
1,McGee2 1,1A,LAC,2026-08-27T17:01:34Z
1,Coma Doof Warrior 1,1A,LAC,2026-08-27T17:41:41Z
1,SBerecz 1,1A,LV,2026-08-27T20:01:10Z
1,Mongoose 1,1A,LAC,2026-08-27T21:42:18Z
1,Fletch 1,1A,SEA,2026-09-07T22:12:24Z
1,Morning Chuba 1,1A,LAC,2026-09-01T18:49:50Z
1,WZKB 1,1A,SEA,2026-09-06T16:59:31Z
1,NorseLoki 1,1A,JAX,2026-08-28T15:32:07Z
1,Aphid 1,1A,LAC,2026-09-05T20:37:53Z
1,Dad 1,1A,DET,2026-09-09T21:34:30Z
1,Dad2 1,1A,JAX,2026-09-10T13:09:42Z
1,Daughter 1,1A,LV,2026-09-10T13:09:50Z
1,Daughter2 1,1A,PIT,2026-09-10T13:16:54Z
1,Anitabeer 1,1A,JAX,2026-08-28T16:28:58Z
1,AssKickers 1,1A,PIT,2026-08-28T16:49:46Z
1,Fielder 1,1A,TEN,2026-09-09T21:17:36Z
1,JEG#1 1,1A,DET,2026-09-10T19:02:23Z
1,Cypherhawks 1,1A,DET,2026-08-28T19:05:46Z
1,Tim McNeil 1,1A,DET,2026-08-28T19:32:06Z
1,Bib #1 1,1A,DET,2026-08-28T19:46:11Z
1,Bib#2 1,1A,LAC,2026-08-28T19:46:40Z
1,Bib#3 1,1A,JAX,2026-08-28T19:46:59Z
1,Doug Cook 1,1A,DET,2026-08-28T20:41:17Z
1,Clete 1,1A,BUF,2026-08-30T22:37:06Z
1,Blaze Welham 1,1A,LV,2026-08-28T22:38:41Z
1,Rebecca Welham 1,1A,TEN,2026-08-28T21:42:56Z
1,Kolsen Welham 1,1A,LAC,2026-08-28T21:19:08Z
1,Bri Welham 1,1A,DET,2026-08-28T21:35:54Z
1,BW2 1,1A,MIA,2026-08-28T22:38:49Z
1,Jake McNeil 1,1A,LAC,2026-09-08T18:32:03Z
1,joe shred 1,1A,DET,2026-09-06T16:33:35Z
1,CEH2O1 1,1A,DET,2026-08-29T03:14:03Z
1,Wheels 1,1A,JAX,2026-09-08T17:22:22Z
1,PB -  jd/ct 1,1A,DET,2026-09-09T03:22:58Z
1,Bob & Jackie 1,1A,JAX,2026-09-09T22:45:12Z
1,Fairway Ridge 1,1A,LAR,2026-08-29T17:56:33Z
1,Rampage 1,1A,SEA,2026-09-05T18:12:03Z
1,JoeyG 1,1A,PHI,2026-08-29T22:53:38Z
1,Sidders 1,1A,DET,2026-09-08T18:51:05Z
1,Jimmy McNeil 1,1A,LV,2026-08-30T01:43:33Z
1,Aidan O'Hara 1,1A,CHI,2026-09-13T16:20:02Z
1,BigCat#30 - 1,1A,LV,2026-08-30T07:36:41Z
1,Jennie-O 1,1A,TEN,2026-09-08T01:42:20Z
1,Emily 1,1A,JAX,2026-09-10T21:43:39Z
1,Brock 1,1A,LAC,2026-08-30T16:04:51Z
1,Puffprincess 👑 1,1A,CHI,2026-09-04T23:39:56Z
1,Josh M. 1 1,1A,JAX,2026-08-30T21:36:32Z
1,TJB 1,1A,DET,2026-09-08T02:59:04Z
1,Derek Death 1,1A,MIA,2026-09-10T16:52:06Z
1,Mifancee 1,1A,DET,2026-09-05T21:20:51Z
1,Benny 1,1A,DET,2026-08-31T00:16:53Z
1,Benny 0 1,1A,LAC,2026-08-31T00:17:11Z
1,Benny 14 1,1A,JAX,2026-08-31T00:17:23Z
1,Mac 1,1A,JAX,2026-08-31T02:55:07Z
1,SErickson 1,1A,LAC,2026-09-03T12:34:47Z
1,Morgan Battle 1,1A,JAX,2026-08-31T13:33:29Z
1,Karl Havoc 1,1A,PIT,2026-09-13T12:17:03Z
1,TG94 1,1A,LAC,2026-08-31T14:08:51Z
1,The Cats Ass 1,1A,JAX,2026-09-04T02:04:09Z
1,The Cats Ass 2 1,1A,LAC,2026-09-04T02:04:51Z
1,CiCi 1,1A,BAL,2026-09-01T11:09:11Z
1,Skooter 1,1A,NYG,2026-08-31T19:31:26Z
1,Garner 1,1A,JAX,2026-09-04T13:26:18Z
1,JFerrell 1,1A,JAX,2026-09-01T01:15:39Z
1,BS 1,1A,JAX,2026-09-01T03:01:03Z
1,Mike Z. 1,1A,JAX,2026-09-01T03:35:39Z
1,GWhite 1,1A,JAX,2026-09-08T12:57:15Z
1,CWHITE 1,1A,JAX,2026-09-01T11:56:38Z
1,Luke K 1,1A,DET,2026-09-07T12:52:55Z
1,Winner # 1,1A,JAX,2026-09-01T13:26:34Z
1,Pinky 1,1A,PHI,2026-09-09T14:33:34Z
1,BIGOLD 1,1A,LAC,2026-09-09T14:34:11Z
1,BLURRS 1,1A,LV,2026-09-08T19:48:02Z
1,Randall_R 1,1A,LAC,2026-09-01T15:42:43Z
1,a.schneck 1,1A,LAC,2026-09-01T21:18:33Z
1,J Bud 1,1A,JAX,2026-09-01T18:37:01Z
1,Chong Y 1,1A,TEN,2026-09-01T19:00:19Z
1,DEVO 1,1A,JAX,2026-09-01T19:56:04Z
1,Tom Rydel 1,1A,LAC,2026-09-09T02:33:38Z
1,Raider Haters 1,1A,PIT,2026-09-13T11:37:13Z
1,Foost26 1,1A,LAC,2026-09-06T23:47:05Z
1,Savage outdoors 1,1A,DET,2026-09-02T00:31:40Z
1,Wyoming Shitshow 1,1A,CIN,2026-09-04T13:06:18Z
1,Myers 1,1A,JAX,2026-09-02T02:12:04Z
1,Joe Buck Yourself 1,1A,JAX,2026-09-02T02:41:32Z
1,The Modern Day Maharaja 1,1A,JAX,2026-09-10T23:20:55Z
1,Mark O 1,1A,LAC,2026-09-02T09:40:36Z
1,colorado_viking 1,1A,JAX,2026-09-09T10:33:05Z
1,Tim Kost 1,1A,DET,2026-09-07T14:41:08Z
1,Original Stephen A 1,1A,TEN,2026-09-05T14:55:52Z
1,Mike W 1,1A,PIT,2026-09-02T17:06:07Z
1,Al S 1,1A,JAX,2026-09-09T01:24:49Z
1,CTaylor 1,1A,LAC,2026-09-02T17:47:56Z
1,Jake’s Irish 1,1A,DET,2026-09-02T17:58:40Z
1,Nickels 1,1A,LV,2026-09-03T18:09:26Z
1,Ray LaMarca 1,1A,JAX,2026-09-02T23:02:35Z
1,Livia LaMarca 1,1A,LV,2026-09-02T18:26:18Z
1,Al H. 1,1A,LV,2026-09-09T01:25:17Z
1,Triplebill 1,1A,LAC,2026-09-02T22:02:55Z
1,Homeslice 1,1A,DET,2026-09-02T22:07:57Z
1,Team Green 1,1A,LV,2026-09-02T22:17:41Z
1,Mike 1,1A,JAX,2026-09-12T21:47:17Z
1,Gina M. 1,1A,PHI,2026-09-13T15:57:36Z
1,Taylor 1,1A,JAX,2026-09-13T16:02:38Z
1,Awes 1,1A,DET,2026-09-03T00:00:57Z
1,Cara C 1,1A,CIN,2026-09-08T01:58:58Z
1,Collin C 1,1A,DET,2026-09-08T01:56:25Z
1,Cannon 1,1A,LAC,2026-09-08T01:57:52Z
1,Stroking My Ditka 1,1A,LAC,2026-09-03T04:05:50Z
1,Lane Johnsons the goat 1,1A,JAX,2026-09-03T04:11:58Z
1,KATIE 1,1A,TEN,2026-09-03T13:09:46Z
1,Tenacious 218ers 1,1A,SEA,2026-09-05T08:53:03Z
1,The Hip 1,1A,SEA,2026-09-03T14:05:00Z
1,Rilels 1,1A,JAX,2026-09-11T21:32:23Z
1,Rilels101 1,1A,JAX,2026-09-07T20:19:31Z
1,Kitty 1,1A,DET,2026-09-08T00:31:56Z
1,AJ 1,1A,LV,2026-09-03T15:06:36Z
1,BadaBehm 1,1A,JAX,2026-09-09T15:11:13Z
1,Gaboni 1,1A,LV,2026-09-07T17:03:43Z
1,Gaboni 2 1,1A,DET,2026-09-07T17:13:17Z
1,Keith Oerther 1,1A,DET,2026-09-07T21:51:18Z
1,Keith Oerther 2 1,1A,LAC,2026-09-07T21:51:35Z
1,GopherNation! 1,1A,DET,2026-09-03T17:41:21Z
1,Sathre 1,1A,PIT,2026-09-13T15:28:54Z
1,A.K.A. King Gio 1,1A,DET,2026-09-13T05:55:27Z
1,Grand 1,1A,LAR,2026-09-08T00:36:26Z
1,.buckle up 1,1A,LAC,2026-09-08T02:13:53Z
1,tkirchgraber 1,1A,LAC,2026-09-04T01:22:22Z
1,Fro 1,1A,LAC,2026-09-04T11:18:57Z
1,Simanek 1,1A,JAX,2026-09-04T12:13:37Z
1,Winth 1,1A,JAX,2026-09-10T00:09:04Z
1,PhatBoyz1 1,1A,NYJ,2026-09-11T13:34:23Z
1,Adam 1 1,1A,LAC,2026-09-09T15:57:26Z
1,lance manion 1,1A,LAC,2026-09-09T00:45:23Z
1,Kitt's Picks 1,1A,JAX,2026-09-04T14:56:00Z
1,tchristl 1,1A,JAX,2026-09-04T15:54:29Z
1,SJU 1,1A,JAX,2026-09-06T14:48:30Z
1,Skidmark 1,1A,LV,2026-09-04T18:30:16Z
1,Unregulated 1,1A,DET,2026-09-08T17:27:33Z
1,BigRamses1 1,1A,LV,2026-09-04T16:15:48Z
1,BigRamses2 1,1A,JAX,2026-09-04T16:16:03Z
1,BigRamses3 1,1A,LAC,2026-09-04T16:16:07Z
1,TommyGun 1,1A,DET,2026-09-06T15:36:10Z
1,Drool 1,1A,DET,2026-09-04T16:34:26Z
1,OMB 1,1A,LAC,2026-09-04T16:37:51Z
1,RabidGophers 1,1A,DET,2026-09-13T14:29:21Z
1,Nulmer 1,1A,JAX,2026-09-04T20:15:07Z
1,Crewton 1,1A,PHI,2026-09-05T11:43:34Z
1,D-dog 1,1A,PIT,2026-09-04T21:08:58Z
1,Honolulu Blues 1,1A,NYJ,2026-09-08T23:34:14Z
1,Hockey papa 1 1,1A,PIT,2026-09-08T22:23:42Z
1,Hockey papa 2 1,1A,CHI,2026-09-09T15:11:52Z
1,Liamo 1,1A,NYJ,2026-09-09T16:39:15Z
1,CJ2 1,1A,LAC,2026-09-04T22:22:59Z
1,Chris Mrnak 1,1A,JAX,2026-09-11T17:15:45Z
1,John DesJardins 1,1A,LAC,2026-09-04T23:31:41Z
1,Halftrack 1,1A,DET,2026-09-09T14:49:33Z
1,Mike Tango 1,1A,LAC,2026-09-05T00:36:00Z
1,Fighting Irish Girl 1,1A,JAX,2026-09-05T02:21:33Z
1,Rat Picks 1,1A,JAX,2026-09-05T03:31:55Z
1,Finnegan Picks 1,1A,LAC,2026-09-09T23:22:40Z
1,DLH5 1,1A,PIT,2026-09-05T03:47:38Z
1,MrOct20 1,1A,LAC,2026-09-07T03:24:09Z
1,J H 1,1A,JAX,2026-09-05T10:16:51Z
1,jfkhyland 1,1A,JAX,2026-09-08T02:22:15Z
1,Jon Swanson 1,1A,PIT,2026-09-13T05:40:07Z
1,Boston1600 1,1A,JAX,2026-09-05T18:57:05Z
1,AI Andy 1,1A,LAC,2026-09-05T18:10:45Z
1,Tolly 1,1A,JAX,2026-09-09T14:18:10Z
1,gp-23 1,1A,DET,2026-09-06T18:04:28Z
1,The Kommish #1 1,1A,JAX,2026-09-08T16:43:13Z
1,The Kommish #2 1,1A,LV,2026-09-08T21:25:20Z
1,GABE 1,1A,MIN,2026-09-05T22:19:46Z
1,MastaBlasta 1,1A,LAC,2026-09-11T04:34:47Z
1,The Algorithm 1,1A,JAX,2026-09-11T04:35:16Z
1,JAC 1,1A,JAX,2026-09-06T18:31:28Z
1,Bob's picks 1,1A,LAC,2026-09-06T12:37:03Z
1,Lljuergs 1,1A,LV,2026-09-06T13:27:56Z
1,Richard Olson 1,1A,DET,2026-09-06T15:00:00Z
1,English 1 1,1A,LAC,2026-09-09T17:09:53Z
1,English 2 1,1A,JAX,2026-09-09T17:10:07Z
1,English 3 1,1A,LAC,2026-09-09T17:12:53Z
1,English 4 1,1A,JAX,2026-09-09T17:13:06Z
1,Hugo 1,1A,DET,2026-09-09T17:13:23Z
1,KinMN 1,1A,DET,2026-09-06T15:35:58Z
1,Travis K 1,1A,LAC,2026-09-06T16:28:51Z
1,Nick3l City 1,1A,JAX,2026-09-06T17:09:34Z
1,Jason Jansen 1,1A,TEN,2026-09-12T19:39:38Z
1,Sarah Fazendin 1,1A,CIN,2026-09-08T17:53:26Z
1,The Dark Knights 1,1A,LV,2026-09-06T19:15:04Z
1,slyoss 1,1A,LAC,2026-09-07T18:21:21Z
1,Calvin 1,1A,JAX,2026-09-08T16:18:54Z
1,PS1 1,1A,LAC,2026-09-06T19:53:01Z
1,Karen 1,1A,DET,2026-09-09T19:42:38Z
1,Jonathan Rosen 1,1A,LAC,2026-09-09T17:04:50Z
1,Barney 1,1A,LAR,2026-09-09T22:29:23Z
1,Polly 1,1A,LAC,2026-09-09T22:29:49Z
1,IHATEWISCO 1,1A,LAC,2026-09-13T13:31:58Z
1,IHATEWISCO2 1,1A,DET,2026-09-06T23:07:10Z
1,IHATEWISCO3 1,1A,JAX,2026-09-13T13:32:21Z
1,the drake 1,1A,JAX,2026-09-07T00:05:27Z
1,Rhodekill 1,1A,DET,2026-09-09T02:20:52Z
1,Weichert 1,1A,LAC,2026-09-13T01:33:55Z
1,Funny Money 1,1A,DET,2026-09-07T01:57:39Z
1,riley4 1,1A,LV,2026-09-07T03:44:21Z
1,A.Lewis 1,1A,SEA,2026-09-09T03:21:17Z
1,Mal 1,1A,DET,2026-09-07T06:01:03Z
1,Trevor Caliebe 1,1A,TEN,2026-09-07T10:02:10Z
1,MikeM 1,1A,LAC,2026-09-09T13:15:25Z
1,JessiMain 1,1A,LAC,2026-09-07T14:24:52Z
1,C Markley 1,1A,LAC,2026-09-07T14:49:05Z
1,Double Ds 1,1A,LAC,2026-09-07T15:21:51Z
1,kfin10 1,1A,JAX,2026-09-11T12:33:52Z
1,yogi 1 1,1A,PIT,2026-09-13T14:01:40Z
1,ryan miller 1,1A,CIN,2026-09-13T07:04:56Z
1,Buffalo Bills# 1,1A,JAX,2026-09-07T17:11:30Z
1,Buffalo Bille#2 1,1A,PIT,2026-09-07T17:11:55Z
1,Buffalo Bille#3 1,1A,LAC,2026-09-07T17:12:17Z
1,Buffalo Bille#4 1,1A,LV,2026-09-07T17:12:41Z
1,billT 1,1A,DET,2026-09-07T17:15:26Z
1,BillsMafiaJA17 1,1A,JAX,2026-09-07T18:03:33Z
1,Tulsa Packer Backers 1,1A,JAX,2026-09-07T18:24:05Z
1,Jrusso 1,1A,LV,2026-09-07T18:31:43Z
1,Lani and Wyatt 1,1A,JAX,2026-09-07T19:03:33Z
1,AndrewL 1,1A,LAC,2026-09-07T19:22:17Z
1,Rizzio 1,1A,JAX,2026-09-07T19:19:49Z
1,Bunker Pro 1,1A,LAC,2026-09-07T19:23:23Z
1,SamVarghese#1 1,1A,TEN,2026-09-07T19:24:42Z
1,SamVarghese#2 1,1A,LAC,2026-09-07T19:25:25Z
1,SamVarghese#3 1,1A,PIT,2026-09-07T19:26:42Z
1,The Tavern 1,1A,TEN,2026-09-12T13:00:58Z
1,.ZF 1,1A,LAC,2026-09-07T19:27:55Z
1,Clemdoggers 1,1A,LV,2026-09-07T19:42:43Z
1,gary 1,1A,PIT,2026-09-09T01:23:12Z
1,gary f #2 1,1A,JAX,2026-09-09T01:23:48Z
1,KarnG 1,1A,SEA,2026-09-07T20:21:52Z
1,KarnG2 1,1A,LAC,2026-09-07T20:22:45Z
1,KarnG3 1,1A,JAX,2026-09-07T20:23:16Z
1,Karn 1,1A,DET,2026-09-07T20:27:17Z
1,ShawnD 1 1,1A,LAC,2026-09-07T21:15:15Z
1,TwentyFour 1,1A,LV,2026-09-09T22:57:23Z
1,Bren 1,1A,LV,2026-09-07T21:44:59Z
1,Early Exit 1,1A,LV,2026-09-07T21:47:20Z
1,Cryan 1,1A,MIA,2026-09-12T01:17:23Z
1,El Guapo 1,1A,JAX,2026-09-10T23:46:34Z
1,Amelia's Bedelia's 1,1A,LV,2026-09-13T16:57:01Z
1,nopack25 1,1A,LAC,2026-09-13T03:36:29Z
1,akahn 1,1A,JAX,2026-09-07T23:22:23Z
1,CSmith311 1,1A,DET,2026-09-10T16:02:33Z
1,Will Dvorak 1,1A,LAC,2026-09-08T00:16:36Z
1,BiggyBoy 1,1A,JAX,2026-09-08T00:21:36Z
1,tom n 1,1A,LV,2026-09-08T00:19:47Z
1,Tetlow 1,1A,DET,2026-09-08T00:27:07Z
1,Stoepjo 1,1A,DET,2026-09-08T00:30:52Z
1,Montag 1,1A,LV,2026-09-08T02:23:06Z
1,tom n 2 1,1A,DET,2026-09-08T00:34:54Z
1,Court C 1,1A,LV,2026-09-08T01:59:47Z
1,Kish 1,1A,LAC,2026-09-08T01:08:27Z
1,darcyvikinggirl 1,1A,LAC,2026-09-08T01:22:58Z
1,Shot to the Chops 1,1A,LAC,2026-09-08T01:23:55Z
1,gsoda 1,1A,LV,2026-09-08T01:28:59Z
1,Mike Egan 1,1A,DET,2026-09-08T01:35:35Z
1,Jennie-O2 1,1A,MIN,2026-09-08T01:42:01Z
1,scaliebe 1,1A,JAX,2026-09-08T01:43:49Z
1,NicTatarek4 1,1A,MIN,2026-09-08T02:07:27Z
1,Carson 1,1A,DET,2026-09-08T02:16:25Z
1,Sarah Siebert 1,1A,TEN,2026-09-08T02:22:36Z
1,Char 1,1A,DAL,2026-09-08T22:25:24Z
1,Ben Siebert 1,1A,JAX,2026-09-08T02:19:48Z
1,Steiger Family 1,1A,PIT,2026-09-13T15:40:35Z
1,Dennis/Sheik 1,1A,PIT,2026-09-11T04:30:44Z
1,Dennis/SheikJointPick 1,1A,DET,2026-09-13T16:16:57Z
1,Sheik/Dennis 1,1A,DET,2026-09-11T16:00:51Z
1,Sheik/DennisJointPick 1,1A,JAX,2026-09-13T16:19:05Z
1,Kim 1,1A,TEN,2026-09-08T02:26:38Z
1,Neums 1,1A,JAX,2026-09-08T03:11:01Z
1,Killer01 1,1A,LAC,2026-09-08T03:50:44Z
1,Killer02 1,1A,DET,2026-09-08T03:51:08Z
1,Jacob Kost 1,1A,DET,2026-09-08T06:25:12Z
1,Theo G 1,1A,PHI,2026-09-13T13:18:26Z
1,JohnD 1,1A,PIT,2026-09-13T14:27:02Z
1,Dan Burnstine 1,1A,PIT,2026-09-13T01:35:29Z
1,Clarkesworld 1,1A,DET,2026-09-08T11:44:47Z
1,Team Callipygian 1,1A,JAX,2026-09-09T00:33:57Z
1,Flickertails 1,1A,LAC,2026-09-08T12:12:50Z
1,&rusko3 1,1A,JAX,2026-09-09T17:31:53Z
1,Tyler Battle 1,1A,JAX,2026-09-08T13:00:09Z
1,Brian Becker 1,1A,NYJ,2026-09-08T12:58:41Z
1,Jobu's Rum 1,1A,JAX,2026-09-08T13:23:53Z
1,Sherlock 1,1A,JAX,2026-09-08T14:14:14Z
1,Kirk DaSquatch_1 1,1A,LAC,2026-09-08T14:13:32Z
1,Kirk DaSquatch_2 1,1A,MIA,2026-09-08T14:16:58Z
1,Kirk DaSquatch_3 1,1A,PHI,2026-09-08T14:21:09Z
1,Shawn Williams 1,1A,LAC,2026-09-08T14:20:58Z
1,Eric Dennis 1,1A,JAX,2026-09-08T14:25:14Z
1,JHunt 1,1A,LAC,2026-09-08T14:39:29Z
1,Jeff B 1,1A,MIN,2026-09-08T14:43:34Z
1,Kraigisley 1,1A,LAC,2026-09-08T14:59:59Z
1,Deontez 1,1A,JAX,2026-09-08T15:00:27Z
1,bjoachim 1,1A,LAC,2026-09-08T15:20:05Z
1,Jahoobies 1,1A,LAC,2026-09-08T15:20:30Z
1,Grandview Zebras 1,1A,DET,2026-09-08T15:33:16Z
1,Bantam Jags! 1,1A,LAC,2026-09-13T03:42:36Z
1,The Committee 1,1A,DET,2026-09-08T15:49:03Z
1,jpb3lpn 1,1A,PIT,2026-09-08T16:03:58Z
1,Chico's Bail Bonds 1,1A,LAC,2026-09-08T16:40:58Z
1,Dave LaFond 1,1A,NYJ,2026-09-13T15:53:41Z
1,Fish1013Sr 1,1A,LAC,2026-09-08T17:19:28Z
1,Smiling Assassin 1,1A,LAC,2026-09-08T17:23:57Z
1,Whole mess of crepes 1,1A,DET,2026-09-08T17:43:28Z
1,MNBadger 1,1A,DET,2026-09-09T23:09:52Z
1,JRTOLLY 1,1A,LAC,2026-09-08T18:27:50Z
1,Jonathan F 1,1A,LAR,2026-09-08T18:45:59Z
1,605-4-Life 1,1A,TEN,2026-09-08T19:17:24Z
1,Poodzee is the 1,1A,JAX,2026-09-09T02:04:37Z
1,SDSU Jacks # 1,1A,DET,2026-09-08T19:18:30Z
1,Boomer 1,1A,LAC,2026-09-08T19:27:50Z
1,Nick Latzke 1,1A,JAX,2026-09-08T19:35:20Z
1,Thakur 1,1A,LAC,2026-09-08T19:36:48Z
1,Thiglife50 1,1A,LAC,2026-09-08T20:18:06Z
1,Smitdog 1,1A,JAX,2026-09-08T20:25:43Z
1,James @Oakside 1,1A,LV,2026-09-08T20:32:19Z
1,Megs 1,1A,SF,2026-09-08T20:44:36Z
1,Balls-less Walz 1,1A,LV,2026-09-08T20:52:56Z
1,Brad Willis 1,1A,LAC,2026-09-09T22:23:04Z
1,JR MCGINTY 1,1A,LV,2026-09-08T21:00:47Z
1,IRA 1,1A,LAC,2026-09-09T01:43:10Z
1,Ryan P 1 1,1A,PIT,2026-09-08T21:05:28Z
1,Ryan P 2 1,1A,LV,2026-09-08T21:05:40Z
1,Ryan P 3 1,1A,JAX,2026-09-08T21:06:23Z
1,Johnny$ 1,1A,LAC,2026-09-08T21:21:44Z
1,Fterschan 1,1A,JAX,2026-09-08T21:33:19Z
1,Fterschan2 1,1A,LAC,2026-09-08T21:33:32Z
1,Nick Hayes 1,1A,DET,2026-09-13T15:34:24Z
1,INITTOWINIT 1,1A,LV,2026-09-12T18:55:03Z
1,kerf1 1,1A,JAX,2026-09-08T21:44:33Z
1,Shanko 1,1A,LAC,2026-09-09T00:36:49Z
1,Jokes Sean Can't Take: 1,1A,JAX,2026-09-13T04:15:01Z
1,Basco 1,1A,JAX,2026-09-08T22:42:18Z
1,Meg Camp 1,1A,ARI,2026-09-08T22:47:29Z
1,YOURFACE 1,1A,SEA,2026-09-08T23:00:11Z
1,Go Hawks 1,1A,JAX,2026-09-09T03:34:48Z
1,Gmac01 1,1A,CHI,2026-09-08T23:04:28Z
1,T Woyke 1,1A,JAX,2026-09-08T23:14:23Z
1,SHAKE -N- BAKE 1,1A,JAX,2026-09-08T23:15:06Z
1,Mr. Dripley 1,1A,LV,2026-09-08T23:32:41Z
1,Wariocario 1,1A,LV,2026-09-08T23:32:46Z
1,Talktoemnice 1,1A,LV,2026-09-08T23:32:56Z
1,4lilbob 1,1A,PIT,2026-09-08T23:22:53Z
1,MyMercedes 1,1A,DET,2026-09-10T01:46:36Z
1,tnordland 1,1A,DET,2026-09-11T15:14:12Z
1,Redbull 1,1A,PIT,2026-09-12T19:28:09Z
1,Mattulmer05 1,1A,LAC,2026-09-08T23:56:05Z
1,Buckeye 1,1A,DET,2026-09-08T23:59:05Z
1,BritOC1 1,1A,JAX,2026-09-09T00:03:17Z
1,Mick 1,1A,DET,2026-09-09T00:08:01Z
1,AEnerson 1,1A,JAX,2026-09-09T00:08:31Z
1,JEnerson 1,1A,PIT,2026-09-09T00:06:01Z
1,Nettie 1,1A,JAX,2026-09-09T00:17:55Z
1,Leg 1,1A,LAR,2026-09-09T00:23:52Z
1,PennyB 1,1A,CIN,2026-09-09T00:34:22Z
1,Peyton 1,1A,CHI,2026-09-09T00:31:25Z
1,Luke 1,1A,JAX,2026-09-09T00:43:51Z
1,R&M Picks 1,1A,LV,2026-09-10T23:20:08Z
1,Amanda Diedrich 1,1A,JAX,2026-09-09T00:48:01Z
1,Dave Stencil 1,1A,LAC,2026-09-09T00:49:02Z
1,VikeQueen 1,1A,LAC,2026-09-09T02:43:27Z
1,Nate Treinen 1,1A,LAC,2026-09-10T02:58:22Z
1,Jills 1,1A,JAX,2026-09-09T22:40:53Z
1,R&M Bot Pick 1,1A,JAX,2026-09-09T01:04:28Z
1,R.Sprad 1,1A,NYJ,2026-09-09T01:09:02Z
1,Nathan Diedrich 1,1A,DET,2026-09-09T01:06:02Z
1,Colin 1,1A,LV,2026-09-09T01:38:32Z
1,Cloos 1,1A,LAC,2026-09-09T01:19:09Z
1,K Riggs 1,1A,JAX,2026-09-09T01:23:41Z
1,TurfToe 1,1A,JAX,2026-09-12T13:12:00Z
1,bprochaska 1,1A,NYJ,2026-09-09T01:47:45Z
1,Dennis tatarek 1,1A,LAC,2026-09-09T01:48:43Z
1,Hunter W 1,1A,LAC,2026-09-11T13:56:08Z
1,Midnight Mortgage 1,1A,LAC,2026-09-09T02:06:22Z
1,Slipper2112 1,1A,LAC,2026-09-09T02:19:25Z
1,Lay The Points 1,1A,DAL,2026-09-09T02:21:34Z
1,moz 1,1A,JAX,2026-09-09T02:25:22Z
1,Shotgun30 1,1A,LAC,2026-09-12T22:11:55Z
1,Dave U 1 1,1A,TEN,2026-09-09T02:40:13Z
1,Eagle 1,1A,PIT,2026-09-09T03:07:01Z
1,Eagle2 1,1A,LAC,2026-09-09T03:07:19Z
1,Eagle3 1,1A,JAX,2026-09-09T03:10:43Z
1,Savvy and the Flea Flickers 1,1A,LV,2026-09-09T03:19:30Z
1,Espy and the Flea Flickers 1,1A,TEN,2026-09-09T03:20:29Z
1,Joewillie 1,1A,JAX,2026-09-09T03:09:30Z
1,Assistant Director Sherlock 1,1A,JAX,2026-09-09T03:35:28Z
1,AD Sherlock II 1,1A,LAC,2026-09-09T03:35:51Z
1,Gina Nelson 1,1A,SEA,2026-09-09T03:38:08Z
1,Mike GPG 1,1A,LAC,2026-09-09T03:33:36Z
1,Tennesseeriverballhawk 1,1A,DET,2026-09-09T03:40:55Z
1,rslipka 1,1A,LV,2026-09-09T04:24:17Z
1,Schippy 1,1A,DET,2026-09-09T04:38:25Z
1,Troy Michaels 1,1A,NYJ,2026-09-13T15:57:11Z
1,Stephenjm 1,1A,PIT,2026-09-12T22:45:08Z
1,Bennyboy 1,1A,LAR,2026-09-09T05:58:41Z
1,Phil Lombardi 1,1A,LAC,2026-09-09T06:17:18Z
1,laruffa 1,1A,LAC,2026-09-09T09:01:31Z
1,Show Pony 1,1A,JAX,2026-09-13T15:01:26Z
1,Fish jr 1,1A,NYJ,2026-09-09T17:09:34Z
1,Fish jr 2 1,1A,TEN,2026-09-09T17:09:42Z
1,Fishjr3 1,1A,LAC,2026-09-09T17:10:11Z
1,BrentBrenton 1,1A,TEN,2026-09-09T11:59:18Z
1,Tyler O 1,1A,PIT,2026-09-09T18:32:41Z
1,LandonLaMarca 1,1A,DET,2026-09-09T13:04:29Z
1,Travis Swift 1,1A,NYJ,2026-09-09T13:13:24Z
1,RevengeoftheMahomes 1,1A,LAC,2026-09-13T15:24:09Z
1,shanej82 1,1A,LAC,2026-09-09T13:48:11Z
1,Loser 1,1A,NE,2026-09-09T20:56:30Z
1,Procure 1,1A,JAX,2026-09-09T13:58:36Z
1,Henry Odens 1,1A,JAX,2026-09-10T03:00:08Z
1,Ryan S 1,1A,JAX,2026-09-09T14:20:51Z
1,Mash Buttatoes 1,1A,LAC,2026-09-09T14:31:04Z
1,Laxbromike 1,1A,TEN,2026-09-13T13:26:46Z
1,Go Buffs! 1,1A,JAX,2026-09-09T15:50:17Z
1,Angie 1,1A,LAC,2026-09-09T15:42:04Z
1,Streich 1,1A,JAX,2026-09-09T15:49:43Z
1,Skurrdog 1,1A,SEA,2026-09-09T21:25:28Z
1,Baldwin 1,1A,JAX,2026-09-09T15:47:01Z
1,Titzer 1,1A,LV,2026-09-09T16:35:26Z
1,G unit 1,1A,JAX,2026-09-09T16:18:19Z
1,Dlandsteiner 1,1A,DET,2026-09-09T16:21:39Z
1,BabygotDak 1,1A,JAX,2026-09-09T16:25:46Z
1,Wendell 1,1A,LAC,2026-09-09T22:40:52Z
1,TyshawnLebron 1,1A,CIN,2026-09-09T16:27:40Z
1,Peter Sanford 1,1A,LAC,2026-09-09T17:27:32Z
1,Vix 1,1A,LAC,2026-09-09T16:49:02Z
1,Matts Marvelous Mystic 1,1A,LAC,2026-09-09T16:55:51Z
1,NYBarbie 1,1A,JAX,2026-09-13T05:38:07Z
1,TXrunningman 1,1A,PHI,2026-09-09T22:04:08Z
1,Que 1,1A,LAC,2026-09-09T17:46:19Z
1,Phi43 1,1A,LV,2026-09-13T13:38:08Z
1,DirtyBird 1,1A,LAC,2026-09-09T18:05:28Z
1,vourni 1,1A,JAX,2026-09-09T18:20:43Z
1,Witzee 1,1A,DET,2026-09-09T18:46:15Z
1,jfleeck 1,1A,JAX,2026-09-10T14:46:06Z
1,BigHoss 1,1A,LAC,2026-09-09T19:17:34Z
1,Bombers1 1,1A,LAC,2026-09-09T19:16:43Z
1,Bombers2 1,1A,MIN,2026-09-09T19:18:11Z
1,DutchOven 1,1A,LAC,2026-09-09T21:51:22Z
1,FredG 1,1A,SEA,2026-09-09T19:38:01Z
1,BDB116 1,1A,DET,2026-09-12T16:50:34Z
1,JoeDemyLocks 1,1A,JAX,2026-09-13T07:49:12Z
1,Nelli 1,1A,LV,2026-09-09T19:54:18Z
1,Heinecke 1,1A,MIN,2026-09-09T20:08:00Z
1,Spencer Kelly 1,1A,LV,2026-09-09T20:29:27Z
1,Benbewinning 1,1A,DET,2026-09-09T20:14:59Z
1,Jen Frank 1,1A,LAC,2026-09-09T20:14:37Z
1,NJV 1,1A,PIT,2026-09-09T22:35:53Z
1,Half Pint Hagen 1,1A,JAX,2026-09-09T20:41:34Z
1,Wernz whiffs 1,1A,JAX,2026-09-09T21:11:02Z
1,MKeegan 1,1A,JAX,2026-09-09T21:18:12Z
1,Too Much Estrogen 1,1A,LAC,2026-09-11T22:20:44Z
1,Stella's Got Game 1,1A,PIT,2026-09-12T02:47:47Z
1,Team 3 1,1A,LAC,2026-09-09T22:10:41Z
1,Mmcginty 1,1A,NYJ,2026-09-13T15:11:47Z
1,Skoaldier 1,1A,LV,2026-09-13T16:30:46Z
1,Patriots1 1,1A,JAX,2026-09-12T03:37:47Z
1,Patriots2 1,1A,LAC,2026-09-12T03:38:28Z
1,Patriots3 1,1A,PIT,2026-09-12T03:38:57Z
1,FLESHFLOWERS 1,1A,LV,2026-09-09T22:37:30Z
1,AndrewJ 1,1A,NE,2026-09-09T22:49:15Z
1,Zweber 1,1A,JAX,2026-09-12T22:27:52Z
1,Valski 1,1A,LAC,2026-09-09T22:56:16Z
1,Car Ramrod 1,1A,JAX,2026-09-09T22:59:15Z
1,Jennie-O 3 1,1A,LV,2026-09-09T23:01:25Z
1,Mills78 1,1A,DET,2026-09-09T23:07:22Z
1,Big Blue 1,1A,LAC,2026-09-09T23:36:23Z
1,CharlieOdens 1,1A,LAC,2026-09-09T23:27:22Z
1,Spartans 1,1A,LV,2026-09-09T23:47:33Z
1,Rosco P. Coltrane 1,1A,JAX,2026-09-09T23:36:49Z
1,Valski 3 1,1A,DET,2026-09-09T23:38:36Z
1,Joel Odens 1,1A,PIT,2026-09-13T14:01:15Z
1,Colbster88 1,1A,DET,2026-09-09T23:49:09Z
1,Homeyjoe 1,1A,MIN,2026-09-09T23:52:28Z
1,Fredski 1,1A,CHI,2026-09-09T23:53:12Z
1,Wojcik1 1,1A,PIT,2026-09-13T15:49:29Z
1,Wojcik2 1,1A,PIT,2026-09-13T15:49:58Z
1,Wojcik4 1,1A,PIT,2026-09-13T11:06:17Z
1,Wojcik3 1,1A,PIT,2026-09-13T15:49:52Z
1,Jordan Dvorak 1,1A,DET,2026-09-10T00:05:21Z
1,MandB 1,1A,PHI,2026-09-12T17:46:35Z
1,Terhune 1,1A,TEN,2026-09-13T15:35:16Z
1,AShores88 1,1A,LAC,2026-09-10T00:33:31Z
1,Sweettits 1,1A,DET,2026-09-10T00:37:26Z
1,Shores 1,1A,DET,2026-09-10T00:37:55Z
1,Jake Bazella 1,1A,JAX,2026-09-10T00:54:30Z
1,WeRunSolo 1,1A,LAC,2026-09-10T01:44:00Z
1,Spoonman 1,1A,LAC,2026-09-10T01:58:01Z
1,Evanhanz 1,1A,JAX,2026-09-10T01:56:55Z
1,Kiko 1,1A,DET,2026-09-10T02:23:37Z
1,The Pigskin 1,1A,LAC,2026-09-10T02:27:53Z
1,Coates55 1,1A,LAC,2026-09-10T02:54:31Z
1,TKerl 1,1A,JAX,2026-09-10T03:00:25Z
1,Odawg 1,1A,LV,2026-09-10T04:16:09Z
1,destiny01 1,1A,LAC,2026-09-10T04:34:38Z
1,DonHollywood 1,1A,LAR,2026-09-10T08:34:00Z
1,Cory  S 1,1A,DET,2026-09-10T10:25:28Z
1,LFS108 1,1A,JAX,2026-09-10T11:40:51Z
1,EZ Does It!! 1,1A,JAX,2026-09-10T11:51:14Z
1,DirtyBirdie 1,1A,JAX,2026-09-10T12:46:06Z
1,#Kevin 1,1A,JAX,2026-09-10T13:49:13Z
1,Ntap_chris 1,1A,TEN,2026-09-10T13:54:56Z
1,sdanciak 1,1A,MIA,2026-09-10T14:28:35Z
1,Fred P 1,1A,LAC,2026-09-10T14:44:30Z
1,Brain 1,1A,LAC,2026-09-10T19:15:47Z
1,MarkO 1,1A,JAX,2026-09-10T18:22:17Z
1,Annabeth 1,1A,LAC,2026-09-10T18:25:49Z
1,Victor D 1,1A,JAX,2026-09-10T19:12:39Z
1,CaliB 1,1A,JAX,2026-09-10T19:29:59Z
1,Paul Bury 1,1A,JAX,2026-09-10T19:41:10Z
1,Leroy 1,1A,CHI,2026-09-10T20:01:00Z
1,Godzilla 1,1A,PIT,2026-09-12T20:43:25Z
1,Erin Roth 1,1A,JAX,2026-09-10T22:02:35Z
1,BDvorak 1,1A,DET,2026-09-10T22:28:03Z
1,PK 1,1A,LAC,2026-09-13T19:06:06Z
1,PK2 1,1A,PHI,2026-09-13T19:06:40Z
1,PK3 1,1A,LV,2026-09-13T19:07:24Z
1,The Modern Day Maharaja 4 1,1A,ARI,2026-09-10T23:22:59Z
1,SMU 1,1A,DET,2026-09-11T00:08:53Z
1,CrazyMonkey 1,1A,CIN,2026-09-13T11:55:46Z
1,Kbecks 1,1A,JAX,2026-09-11T00:56:02Z
1,Smallz 1,1A,LAC,2026-09-11T01:25:01Z
1,WildernessNinjas 1,1A,PIT,2026-09-11T03:02:19Z
1,LukeC 1,1A,BUF,2026-09-11T04:17:15Z
1,Fishhead 1,1A,PHI,2026-09-11T04:24:18Z
1,The Gambit 1,1A,PIT,2026-09-13T14:45:30Z
1,Danielle Caliebe 1,1A,JAX,2026-09-11T12:31:07Z
1,Cheryl 1,1A,LAC,2026-09-11T14:46:49Z
1,BigPlayJ 1,1A,LV,2026-09-11T14:51:43Z
1,Children of the Corn 1,1A,LAC,2026-09-11T16:29:57Z
1,BusterJunior 1,1A,JAX,2026-09-11T16:54:56Z
1,JJ’s Winners 1 1,1A,BAL,2026-09-11T17:46:25Z
1,Vodka Sota 1,1A,JAX,2026-09-11T16:50:58Z
1,Horseshoe 1,1A,JAX,2026-09-11T16:50:49Z
1,Kevin Klawitter 1,1A,JAX,2026-09-11T17:10:46Z
1,Kristi Klawitter 1,1A,JAX,2026-09-11T17:37:58Z
1,Alex Klawitter 1,1A,TEN,2026-09-12T15:54:13Z
1,Nschram 1,1A,PIT,2026-09-13T00:32:36Z
1,Andrew K 1,1A,PHI,2026-09-11T18:10:45Z
1,Steve Demy 1,1A,DET,2026-09-11T22:11:16Z
1,Becky 1,1A,NYJ,2026-09-11T18:33:18Z
1,TMC47 1,1A,LV,2026-09-11T22:15:34Z
1,GI 1,1A,NYJ,2026-09-12T02:17:59Z
1,Devin’s Picks 1,1A,LAC,2026-09-12T02:09:56Z
1,Dice7126 1,1A,PIT,2026-09-12T06:25:09Z
1,Cat 1,1A,JAX,2026-09-13T12:56:53Z
1,Swarner 1,1A,DET,2026-09-12T18:46:03Z
1,Ron Burhite 1,1A,LV,2026-09-12T18:47:28Z
1,SandmanReject 1,1A,LV,2026-09-12T18:51:17Z
1,Rsmart 1,1A,DET,2026-09-12T19:56:10Z
1,Cheney 1,1A,JAX,2026-09-12T20:34:18Z
1,BigW 1,1A,NYJ,2026-09-12T23:09:50Z
1,Destroyer 1,1A,MIN,2026-09-12T23:57:55Z
1,BERP 1,1A,LV,2026-09-13T00:14:13Z
1,LLD 1,1A,JAX,2026-09-13T00:30:47Z
1,DiederichNS 1,1A,JAX,2026-09-13T01:12:40Z
1,RJRT 1,1A,PIT,2026-09-13T02:13:49Z
1,Berns Bags and Friends 1,1A,PIT,2026-09-13T02:51:05Z
1,-EV. 1,1A,JAX,2026-09-13T03:32:13Z
1,martens 22 1,1A,PIT,2026-09-13T07:49:48Z
1,martens22 1,1A,LAC,2026-09-13T07:50:14Z
1,MAX 1 1,1A,CIN,2026-09-13T10:46:58Z
1,MAX 2 1,1A,DET,2026-09-13T10:28:38Z
1,Jeff Stewardson 1,1A,LAC,2026-09-13T11:27:31Z
1,UACATS26 1,1A,LAC,2026-09-13T12:11:13Z
1,Goodfellas 1,1A,JAX,2026-09-13T12:33:47Z
1,Dang 1,1A,NYJ,2026-09-13T12:43:59Z
1,Old Gregg 1,1A,PIT,2026-09-13T12:44:30Z
1,Mabel Miranda 1,1A,PIT,2026-09-13T12:59:11Z
1,enerson413 1,1A,JAX,2026-09-13T13:06:53Z
1,Showtime 1,1A,LAC,2026-09-13T13:50:58Z
1,Papa Funk 1 1,1A,CHI,2026-09-13T14:09:53Z
1,AngelaW-K 1,1A,JAX,2026-09-13T14:19:44Z
1,Vikingstothebowl 1,1A,LV,2026-09-13T14:32:27Z
1,Yosemite Sam 1,1A,PIT,2026-09-13T14:37:17Z
1,Coop 1,1A,LAC,2026-09-13T14:38:31Z
1,Knucklesdeep 1,1A,JAX,2026-09-13T14:58:09Z
1,Derek K 1,1A,PIT,2026-09-13T15:13:46Z
1,Winner Winner 1,1A,DET,2026-09-13T15:31:05Z
1,L.Greenwood 1,1A,LAC,2026-09-13T15:37:32Z
1,Robbie Bobby 1,1A,DET,2026-09-13T15:39:49Z
1,Brian Hanson 1,1A,JAX,2026-09-13T15:43:34Z
1,Greg Lau 1,1A,LAC,2026-09-13T15:42:48Z
1,TWS 1,1A,JAX,2026-09-13T15:42:48Z
1,Matty Ice 1,1A,NYJ,2026-09-13T15:46:42Z
1,Gina 1 1,1A,IND,2026-09-13T15:59:32Z
1,It's Our Time 1,1A,LV,2026-09-13T15:56:36Z
1,Val Estrada 1,1A,LV,2026-09-13T16:06:22Z
1,Cellar Door 1,1A,JAX,2026-09-13T16:08:11Z
1,Edina Jayhawk 1,1A,LAC,2026-09-13T16:12:58Z
1,Page88 1,1A,TEN,2026-09-13T16:13:35Z
1,Roaming Rooster 1,1A,JAX,2026-09-13T16:21:37Z
1,Mylo 1,1A,JAX,2026-09-13T16:23:24Z
1,Cash 1,1A,LAC,2026-09-13T16:25:21Z
1,Show me your TDs 1,1A,DET,2026-09-13T16:34:37Z
1,Tatarekt 1,1A,PIT,2026-09-13T16:34:23Z
1,Irish1 1,1A,JAX,2026-09-13T16:35:24Z
1,Irish2 1,1A,CIN,2026-09-13T16:36:28Z
1,Whig 1,1A,LV,2026-09-13T16:42:55Z
1,BigCat#30 - 44 1,1A,TEN,2026-09-13T16:51:51Z
1,Bigcat#30 - 45 1,1A,TEN,2026-09-13T16:51:59Z
1,Skol to the Bowl 1,1A,DET,2026-09-13T16:52:12Z
1,Benihana 1,1A,JAX,2026-09-13T16:55:27Z
1,Revenge of the Vrabes 1,1A,CIN,2026-09-13T16:55:52Z
1,JCG 1,1A,LAC,2026-09-13T17:00:25Z
1,Kdeez 1,1A,LAC,2026-09-13T17:17:01Z
1,LAH 1,1A,LAC,2026-09-13T18:17:11Z
1,Cecil G 1,1A,PHI,2026-09-13T18:27:40Z
1,Pooter 1,1A,LAC,2026-09-13T18:42:33Z
1,Cronsho 1,1A,LAC,2026-09-13T18:54:29Z
1,OneBeforeIDie! 1,1A,LAC,2026-09-13T19:16:04Z
1,Rob 1,1A,LAC,2026-09-13T19:19:21Z
1,Last Place 1,1A,LAC,2026-09-13T20:02:02Z
1,Last Place 2 1,1A,PHI,2026-09-13T19:49:18Z
1,Matthew Cox 1,1A,LAC,2026-09-13T19:48:41Z
1,Proasscoach 1,1A,LAC,2026-09-13T20:09:51Z
1,Angiegirl 1,1A,DAL,2026-09-13T20:36:06Z
1,MadChunkyMonkey 1,1A,DAL,2026-09-13T20:55:38Z
1,Quinn13 1,1A,DAL,2026-09-13T22:31:58Z
1,Evo 4G63 Lover 1,1A,DAL,2026-09-13T23:49:51Z
1,JM 1,1A,DAL,2026-09-13T23:52:50Z
1,Brainjw 1,1A,DAL,2026-09-13T23:59:27Z
1,Jesse Martin 1,1A,DAL,2026-09-14T00:08:42Z
2,Stow 2,1A,JAX,2026-09-09T14:18:10Z
2,BankofMarquis 2,1A,PHI,2026-09-05T18:16:10Z
2,BossHogg 2,1A,PIT,2026-09-12T23:05:54Z
2,Duncan 2,1A,TEN,2026-08-29T20:39:59Z
2,Dobolicious 2,1A,DET,2026-08-26T01:27:56Z
2,QueenJoanie 2,1A,TEN,2026-08-23T06:56:25Z
2,ButterBob 2,1A,PIT,2026-09-09T21:23:49Z
2,Larry Hess 2,1A,LAC,2026-08-23T20:08:12Z
2,RecklessDZ 2,1A,LV,2026-09-09T13:06:46Z
2,Oki 2,1A,LV,2026-09-09T21:47:03Z
2,Tim The Enchanter 2,1A,LV,2026-09-07T17:09:26Z
2,RobbyMcRobface 2,1A,JAX,2026-09-08T22:32:13Z
2,Kory Isley 2,1A,JAX,2026-09-09T00:45:46Z
2,Chronos 2,1A,JAX,2026-09-01T16:56:08Z
2,Todd G 2,1A,JAX,2026-09-03T01:28:14Z
2,Brady G 2,1A,LV,2026-09-08T21:29:37Z
2,Robert Dean 2,1A,NE,2026-09-08T22:05:03Z
2,RudyIrish 2,1A,JAX,2026-09-05T15:30:46Z
2,kitten 2,1A,ARI,2026-09-06T19:59:10Z
2,JL2320 2,1A,JAX,2026-08-31T15:38:13Z
2,Kathy S 2,1A,PHI,2026-09-09T00:02:32Z
2,Susan K 2,1A,DET,2026-09-09T21:57:35Z
2,HSJL 2,1A,PIT,2026-09-03T22:36:29Z
2,Scoots28 2,1A,LV,2026-09-11T22:57:48Z
2,Masterdeflater 2,1A,DET,2026-09-04T19:44:23Z
2,sweat hogs 2,1A,JAX,2026-09-12T23:15:19Z
2,Muskhogeans 2,1A,PHI,2026-09-12T23:16:25Z
2,shogi 2,1A,LV,2026-09-12T23:17:34Z
2,Merril Hoge 2,1A,DET,2026-09-12T23:19:09Z
2,orthogonal 2,1A,CHI,2026-09-12T23:19:59Z
2,Nicks picks 2,1A,DET,2026-09-13T03:45:13Z
2,PerHansa 2,1A,JAX,2026-09-11T03:53:46Z
2,Number 9 2,1A,DET,2026-08-30T20:26:35Z
2,KC Wildcats 2,1A,LAC,2026-08-24T12:43:40Z
2,Mitch's Maniacs 2,1A,LV,2026-08-25T01:30:49Z
2,Bottom Feeder 2,1A,TEN,2026-08-30T13:34:27Z
2,Byrdman 2,1A,DET,2026-08-28T13:53:54Z
2,ROTNONE 2,1A,TEN,2026-09-04T19:22:21Z
2,The Rocket 2,1A,LAC,2026-08-31T17:51:04Z
2,CoorsBanquet 2,1A,CIN,2026-09-06T00:12:14Z
2,FishKing17 2,1A,LAC,2026-08-24T14:37:43Z
2,Hendricks 2,1A,JAX,2026-08-24T16:01:39Z
2,Karomaro 2,1A,LAC,2026-09-08T16:34:59Z
2,SHAQFU19 2,1A,DET,2026-08-24T15:36:05Z
2,Dawn 2,1A,TEN,2026-08-24T15:36:31Z
2,Brinkman 2,1A,DET,2026-08-24T15:55:19Z
2,X-Ray 2,1A,LV,2026-09-05T20:03:09Z
2,Drago 2,1A,JAX,2026-08-25T14:22:02Z
2,ChrisN 2,1A,PIT,2026-09-09T16:44:38Z
2,Gwaz 2,1A,LAC,2026-09-02T16:13:26Z
2,.PALMER 2,1A,JAX,2026-08-24T18:32:44Z
2,DCloud 2,1A,DET,2026-08-24T18:46:53Z
2,Mac Attack 2,1A,JAX,2026-09-08T18:18:19Z
2,iwasatthesswift-kelcewedding 2,1A,DET,2026-08-24T23:13:12Z
2,Lep 2,1A,LAC,2026-08-24T19:07:49Z
2,Scott Brofman 2,1A,JAX,2026-08-24T19:58:48Z
2,CGully 2,1A,TEN,2026-09-04T18:46:01Z
2,Tamasi 2,1A,JAX,2026-09-08T20:16:09Z
2,Halvey 2,1A,LAC,2026-08-24T21:49:48Z
2,James B 2,1A,CIN,2026-08-30T13:48:40Z
2,Eastside 17 2,1A,LV,2026-09-08T23:55:53Z
2,Freddy Reyes 2,1A,MIA,2026-09-11T16:30:16Z
2,Greenlun 2,1A,JAX,2026-09-03T20:53:56Z
2,danohara 2,1A,DET,2026-09-09T14:09:37Z
2,CTEasymoney 2,1A,LV,2026-09-02T00:36:37Z
2,Get Stiggy With It 2,1A,CHI,2026-09-08T18:05:52Z
2,Schwing 2,1A,JAX,2026-09-01T22:44:36Z
2,Hain 2,1A,TEN,2026-09-09T00:33:53Z
2,Jacob Goergen 2,1A,JAX,2026-08-30T21:37:01Z
2,Danny Heldt 2,1A,LV,2026-09-04T14:21:26Z
2,Honeycutt 2,1A,JAX,2026-08-25T15:21:05Z
2,Nube 2,1A,LAC,2026-09-03T18:17:01Z
2,Alex Allen 2,1A,LV,2026-09-02T17:06:39Z
2,Jeri Lyn 2,1A,LAC,2026-09-01T02:33:55Z
2,RON JANSEN 2,1A,JAX,2026-08-29T16:18:36Z
2,ThisIsTheYear 2,1A,TEN,2026-08-25T18:58:47Z
2,3Strangedays 2,1A,PHI,2026-09-06T19:41:52Z
2,The Lock of the Week 2,1A,DET,2026-08-25T20:35:29Z
2,One Pump Love & Dump 2,1A,JAX,2026-08-26T14:47:30Z
2,jpurrington 2,1A,CLE,2026-08-25T21:51:50Z
2,Shannon 2,1A,DET,2026-09-04T03:16:53Z
2,TonerPirates 2,1A,JAX,2026-08-26T00:27:49Z
2,Redgem 2,1A,LV,2026-09-09T15:25:47Z
2,Eric Sexton 2,1A,DET,2026-09-02T02:53:16Z
2,Bigtippers 2,1A,JAX,2026-08-26T13:26:25Z
2,BCAT 2,1A,DET,2026-08-30T13:24:12Z
2,IBian 2,1A,TEN,2026-08-26T15:35:55Z
2,Ibinger 2,1A,JAX,2026-09-05T02:56:21Z
2,Kerry S 1 2,1A,DET,2026-08-26T17:08:00Z
2,Psorensen 2,1A,LAC,2026-09-09T02:29:02Z
2,SkolVikes 2,1A,LAC,2026-09-08T15:11:53Z
2,Vendor 2,1A,JAX,2026-09-09T02:00:20Z
2,Alvin 2,1A,LAC,2026-09-07T18:55:24Z
2,Marc M 2,1A,LAC,2026-09-13T20:12:33Z
2,Teeter 2,1A,LV,2026-09-10T15:12:25Z
2,Tony G 2,1A,LV,2026-08-27T21:25:56Z
2,SBerecz 2,1A,TEN,2026-08-27T20:01:22Z
2,Mongoose 2,1A,JAX,2026-08-27T21:42:31Z
2,Fletch 2,1A,DET,2026-09-07T22:12:37Z
2,Morning Chuba 2,1A,LAC,2026-09-01T18:49:59Z
2,WZKB 2,1A,CIN,2026-09-06T16:59:47Z
2,AssKickers 2,1A,PIT,2026-09-12T18:02:22Z
2,Fielder 2,1A,JAX,2026-09-09T21:18:05Z
2,JEG#1 2,1A,PHI,2026-09-10T19:02:58Z
2,Cypherhawks 2,1A,JAX,2026-08-28T19:05:56Z
2,Doug Cook 2,1A,LAC,2026-08-28T20:41:35Z
2,Clete 2,1A,WSH,2026-08-30T22:37:25Z
2,CEH2O1 2,1A,LAC,2026-09-13T02:59:31Z
2,PB -  jd/ct 2,1A,PIT,2026-09-09T03:23:08Z
2,Bob & Jackie 2,1A,TEN,2026-09-09T22:43:43Z
2,Fairway Ridge 2,1A,DET,2026-09-05T18:11:18Z
2,JoeyG 2,1A,DET,2026-08-29T22:52:57Z
2,Sidders 2,1A,JAX,2026-09-08T18:51:21Z
2,Jimmy McNeil 2,1A,PIT,2026-09-11T17:35:09Z
2,Aidan O'Hara 2,1A,CHI,2026-09-13T16:20:07Z
2,BigCat#30 - 2,1A,LV,2026-08-30T07:36:52Z
2,Emily 2,1A,LV,2026-09-08T22:39:56Z
2,Brock 2,1A,JAX,2026-08-30T16:05:13Z
2,Puffprincess 👑 2,1A,JAX,2026-09-04T23:40:10Z
2,Josh M. 1 2,1A,DET,2026-08-30T21:36:44Z
2,TJB 2,1A,JAX,2026-09-08T02:59:22Z
2,Derek Death 2,1A,JAX,2026-09-10T16:52:45Z
2,Mac 2,1A,LAC,2026-08-31T02:55:17Z
2,SErickson 2,1A,DET,2026-09-03T12:34:54Z
2,Morgan Battle 2,1A,LAC,2026-08-31T13:34:03Z
2,Karl Havoc 2,1A,PIT,2026-09-13T12:17:09Z
2,TG94 2,1A,DET,2026-08-31T14:09:11Z
2,Skooter 2,1A,LAC,2026-08-31T19:31:47Z
2,Garner 2,1A,LV,2026-09-04T13:26:28Z
2,JFerrell 2,1A,DET,2026-09-01T01:14:37Z
2,BS 2,1A,JAX,2026-09-01T03:01:29Z
2,Mike Z. 2,1A,LAC,2026-09-01T03:36:06Z
2,GWhite 2,1A,DET,2026-09-08T12:57:43Z
2,CWHITE 2,1A,DET,2026-09-02T20:12:03Z
2,Luke K 2,1A,LAC,2026-09-07T12:53:09Z
2,Winner # 2,1A,LAC,2026-09-03T15:46:54Z
2,BLURRS 2,1A,LAC,2026-09-04T15:05:55Z
2,Randall_R 2,1A,LAC,2026-09-01T15:42:46Z
2,a.schneck 2,1A,JAX,2026-09-01T21:18:44Z
2,J Bud 2,1A,TEN,2026-09-09T23:26:02Z
2,Chong Y 2,1A,LV,2026-09-01T19:00:32Z
2,DEVO 2,1A,PHI,2026-09-01T19:56:32Z
2,Tom Rydel 2,1A,JAX,2026-09-09T02:35:21Z
2,Raider Haters 2,1A,PIT,2026-09-13T02:33:04Z
2,Foost26 2,1A,LAC,2026-09-06T23:47:41Z
2,Savage outdoors 2,1A,LAC,2026-09-02T00:31:57Z
2,Myers 2,1A,DET,2026-09-02T02:12:32Z
2,Joe Buck Yourself 2,1A,NYJ,2026-09-02T02:41:38Z
2,The Modern Day Maharaja 2,1A,LAC,2026-09-10T23:21:15Z
2,Mark O 2,1A,JAX,2026-09-02T09:41:16Z
2,colorado_viking 2,1A,LV,2026-09-09T10:33:34Z
2,Tim Kost 2,1A,JAX,2026-09-07T14:41:13Z
2,Original Stephen A 2,1A,LV,2026-09-05T14:54:15Z
2,CTaylor 2,1A,TEN,2026-09-02T17:48:05Z
2,Jake’s Irish 2,1A,JAX,2026-09-02T17:59:23Z
2,Nickels 2,1A,JAX,2026-09-03T18:09:33Z
2,Ray LaMarca 2,1A,DET,2026-09-02T23:02:43Z
2,Livia LaMarca 2,1A,CIN,2026-09-02T18:27:59Z
2,Triplebill 2,1A,DET,2026-09-02T22:03:16Z
2,Homeslice 2,1A,DET,2026-09-02T22:08:35Z
2,Team Green 2,1A,PIT,2026-09-02T22:17:51Z
2,Mike 2,1A,DET,2026-09-12T21:48:23Z
2,Awes 2,1A,LAC,2026-09-03T00:02:53Z
2,KATIE 2,1A,LAR,2026-09-03T13:10:03Z
2,Tenacious 218ers 2,1A,JAX,2026-09-11T19:00:16Z
2,The Hip 2,1A,JAX,2026-09-03T14:05:24Z
2,Rilels101 2,1A,BAL,2026-09-09T00:09:51Z
2,AJ 2,1A,TEN,2026-09-03T15:06:50Z
2,BadaBehm 2,1A,DET,2026-09-13T16:52:43Z
2,Keith Oerther 2 2,1A,JAX,2026-09-07T21:51:57Z
2,GopherNation! 2,1A,JAX,2026-09-03T17:43:47Z
2,Sathre 2,1A,JAX,2026-09-11T16:44:29Z
2,A.K.A. King Gio 2,1A,JAX,2026-09-13T05:55:39Z
2,.buckle up 2,1A,LAC,2026-09-08T02:16:25Z
2,tkirchgraber 2,1A,LV,2026-09-13T15:04:18Z
2,Fro 2,1A,JAX,2026-09-04T11:19:19Z
2,Simanek 2,1A,CIN,2026-09-04T12:13:50Z
2,PhatBoyz1 2,1A,JAX,2026-09-11T13:35:00Z
2,lance manion 2,1A,JAX,2026-09-09T00:45:48Z
2,Kitt's Picks 2,1A,LAC,2026-09-04T14:56:16Z
2,tchristl 2,1A,LAC,2026-09-04T15:54:35Z
2,SJU 2,1A,LAC,2026-09-09T13:06:11Z
2,Skidmark 2,1A,PIT,2026-09-04T18:30:36Z
2,Unregulated 2,1A,JAX,2026-09-08T17:27:57Z
2,TommyGun 2,1A,LAC,2026-09-09T13:21:32Z
2,Drool 2,1A,LAC,2026-09-04T16:35:08Z
2,OMB 2,1A,LAC,2026-09-04T16:37:55Z
2,RabidGophers 2,1A,LAC,2026-09-13T14:29:42Z
2,Crewton 2,1A,JAX,2026-09-05T11:44:26Z
2,Wheels 2,1A,JAX,2026-09-09T01:41:57Z
2,D-dog 2,1A,CHI,2026-09-04T21:09:09Z
2,Honolulu Blues 2,1A,TEN,2026-09-08T23:34:23Z
2,Liamo 2,1A,LV,2026-09-09T16:39:38Z
2,CJ2 2,1A,LV,2026-09-04T22:27:00Z
2,John DesJardins 2,1A,JAX,2026-09-04T23:33:15Z
2,Halftrack 2,1A,TEN,2026-09-12T15:44:54Z
2,Fighting Irish Girl 2,1A,LAC,2026-09-05T02:22:51Z
2,Rat Picks 2,1A,LAC,2026-09-05T03:33:45Z
2,MrOct20 2,1A,LAC,2026-09-07T03:23:51Z
2,J H 2,1A,LAC,2026-09-05T10:16:54Z
2,jfkhyland 2,1A,JAX,2026-09-08T02:22:28Z
2,Jon Swanson 2,1A,LV,2026-09-13T05:40:21Z
2,Boston1600 2,1A,CIN,2026-09-05T18:58:06Z
2,Tolly 2,1A,JAX,2026-09-09T14:18:10Z
2,gp-23 2,1A,JAX,2026-09-06T18:04:46Z
2,GABE 2,1A,JAX,2026-09-05T22:20:06Z
2,JAC 2,1A,DET,2026-09-06T18:31:40Z
2,Bob's picks 2,1A,LV,2026-09-06T12:44:07Z
2,Lljuergs 2,1A,TEN,2026-09-06T13:28:33Z
2,Richard Olson 2,1A,JAX,2026-09-06T15:00:15Z
2,Travis K 2,1A,JAX,2026-09-06T16:29:18Z
2,joe shred 2,1A,LAC,2026-09-06T16:39:13Z
2,Nick3l City 2,1A,LAC,2026-09-06T17:09:44Z
2,Jason Jansen 2,1A,JAX,2026-09-12T19:42:07Z
2,The Dark Knights 2,1A,JAX,2026-09-12T20:49:36Z
2,slyoss 2,1A,LAC,2026-09-07T18:21:23Z
2,Karen 2,1A,JAX,2026-09-09T19:42:47Z
2,the drake 2,1A,LAC,2026-09-07T00:05:40Z
2,Rhodekill 2,1A,JAX,2026-09-09T02:21:05Z
2,Weichert 2,1A,DET,2026-09-13T01:34:03Z
2,Funny Money 2,1A,LAC,2026-09-07T01:58:47Z
2,A.Lewis 2,1A,DET,2026-09-09T03:21:45Z
2,Mal 2,1A,JAX,2026-09-07T06:01:12Z
2,Trevor Caliebe 2,1A,NYJ,2026-09-07T10:02:18Z
2,MikeM 2,1A,LAC,2026-09-09T13:15:32Z
2,JessiMain 2,1A,TEN,2026-09-07T14:25:06Z
2,Double Ds 2,1A,NYG,2026-09-07T15:22:24Z
2,yogi 1 2,1A,LV,2026-09-13T14:02:40Z
2,ryan miller 2,1A,DET,2026-09-13T07:05:03Z
2,billT 2,1A,SEA,2026-09-07T17:15:35Z
2,BillsMafiaJA17 2,1A,JAX,2026-09-07T18:03:40Z
2,Jrusso 2,1A,CIN,2026-09-07T18:31:54Z
2,AndrewL 2,1A,LAC,2026-09-07T19:22:20Z
2,Rizzio 2,1A,JAX,2026-09-12T01:26:44Z
2,Bunker Pro 2,1A,DET,2026-09-07T19:23:52Z
2,The Tavern 2,1A,DET,2026-09-12T13:01:03Z
2,.ZF 2,1A,JAX,2026-09-07T19:28:17Z
2,Clemdoggers 2,1A,PIT,2026-09-07T19:45:09Z
2,Karn 2,1A,LAC,2026-09-07T20:27:24Z
2,TwentyFour 2,1A,MIA,2026-09-09T22:58:01Z
2,Bren 2,1A,JAX,2026-09-07T21:45:46Z
2,Early Exit 2,1A,LAC,2026-09-07T21:48:10Z
2,Cryan 2,1A,MIA,2026-09-12T01:17:30Z
2,nopack25 2,1A,DET,2026-09-13T03:37:01Z
2,akahn 2,1A,JAX,2026-09-11T23:33:56Z
2,CSmith311 2,1A,DET,2026-09-10T16:02:38Z
2,Will Dvorak 2,1A,JAX,2026-09-08T00:17:02Z
2,BiggyBoy 2,1A,LV,2026-09-08T00:21:46Z
2,Tetlow 2,1A,PIT,2026-09-08T00:27:23Z
2,Stoepjo 2,1A,JAX,2026-09-08T00:31:05Z
2,Kish 2,1A,CHI,2026-09-08T01:09:28Z
2,darcyvikinggirl 2,1A,LAC,2026-09-08T01:23:03Z
2,Shot to the Chops 2,1A,LAC,2026-09-08T01:24:03Z
2,Mike Egan 2,1A,JAX,2026-09-08T01:35:54Z
2,scaliebe 2,1A,PHI,2026-09-08T01:44:23Z
2,NicTatarek4 2,1A,BAL,2026-09-08T02:07:54Z
2,Carson 2,1A,TEN,2026-09-08T02:17:33Z
2,Steiger Family 2,1A,JAX,2026-09-08T02:22:39Z
2,Dennis/Sheik 2,1A,LAC,2026-09-11T04:19:52Z
2,Sheik/Dennis 2,1A,CIN,2026-09-11T16:00:59Z
2,Kim 2,1A,LAC,2026-09-13T02:39:13Z
2,Neums 2,1A,LAC,2026-09-08T03:11:49Z
2,Jacob Kost 2,1A,PIT,2026-09-08T06:25:35Z
2,Theo G 2,1A,LAC,2026-09-08T11:06:35Z
2,JohnD 2,1A,DET,2026-09-13T15:12:43Z
2,Dan Burnstine 2,1A,LAC,2026-09-13T01:35:54Z
2,Clarkesworld 2,1A,JAX,2026-09-08T11:44:59Z
2,Team Callipygian 2,1A,JAX,2026-09-09T00:34:03Z
2,Flickertails 2,1A,JAX,2026-09-08T12:13:07Z
2,Brian Becker 2,1A,TEN,2026-09-08T12:58:59Z
2,Jobu's Rum 2,1A,LAC,2026-09-08T13:24:02Z
2,Sherlock 2,1A,JAX,2026-09-08T14:14:25Z
2,Shawn Williams 2,1A,JAX,2026-09-08T14:21:04Z
2,Eric Dennis 2,1A,LAC,2026-09-08T14:25:24Z
2,JHunt 2,1A,JAX,2026-09-08T14:39:42Z
2,Jeff B 2,1A,LAC,2026-09-08T14:44:21Z
2,Kraigisley 2,1A,JAX,2026-09-08T22:10:28Z
2,Deontez 2,1A,SEA,2026-09-08T15:00:16Z
2,bjoachim 2,1A,LAC,2026-09-08T15:20:26Z
2,Jahoobies 2,1A,DET,2026-09-08T15:21:09Z
2,Grandview Zebras 2,1A,JAX,2026-09-08T15:33:49Z
2,Bantam Jags! 2,1A,NYJ,2026-09-13T03:42:41Z
2,The Committee 2,1A,LV,2026-09-08T15:49:33Z
2,Dave LaFond 2,1A,PIT,2026-09-13T15:55:55Z
2,Fish1013Sr 2,1A,JAX,2026-09-08T17:21:10Z
2,Smiling Assassin 2,1A,LV,2026-09-08T17:24:32Z
2,Whole mess of crepes 2,1A,LAC,2026-09-08T17:45:28Z
2,Jonathan F 2,1A,DET,2026-09-08T18:46:06Z
2,Nick Latzke 2,1A,JAX,2026-09-08T19:35:25Z
2,Thakur 2,1A,DET,2026-09-08T19:36:56Z
2,Thiglife50 2,1A,TEN,2026-09-08T20:19:01Z
2,MNBadger 2,1A,PIT,2026-09-09T23:10:34Z
2,James @Oakside 2,1A,LV,2026-09-08T20:32:34Z
2,Megs 2,1A,MIN,2026-09-08T20:44:55Z
2,Balls-less Walz 2,1A,MIA,2026-09-08T20:53:06Z
2,Brad Willis 2,1A,DET,2026-09-09T22:23:11Z
2,IRA 2,1A,JAX,2026-09-09T01:43:43Z
2,Johnny$ 2,1A,TEN,2026-09-08T21:22:02Z
2,Nick Hayes 2,1A,JAX,2026-09-13T15:34:34Z
2,kerf1 2,1A,LAC,2026-09-08T21:44:40Z
2,Jokes Sean Can't Take: 2,1A,DAL,2026-09-13T04:15:38Z
2,Meg Camp 2,1A,LAC,2026-09-11T02:53:27Z
2,YOURFACE 2,1A,LAR,2026-09-08T23:00:19Z
2,Gmac01 2,1A,JAX,2026-09-08T23:04:44Z
2,tnordland 2,1A,JAX,2026-09-11T15:13:53Z
2,Mattulmer05 2,1A,LV,2026-09-08T23:57:18Z
2,Redbull 2,1A,DET,2026-09-09T00:40:39Z
2,Buckeye 2,1A,PHI,2026-09-08T23:59:29Z
2,JEnerson 2,1A,LV,2026-09-09T00:09:04Z
2,Nettie 2,1A,LAC,2026-09-09T00:19:19Z
2,Leg 2,1A,TEN,2026-09-09T00:24:54Z
2,Peyton 2,1A,JAX,2026-09-09T00:31:47Z
2,Dave Stencil 2,1A,TEN,2026-09-09T00:49:34Z
2,Luke 2,1A,LAC,2026-09-09T00:49:07Z
2,VikeQueen 2,1A,JAX,2026-09-09T02:44:11Z
2,R.Sprad 2,1A,TEN,2026-09-09T01:11:52Z
2,TurfToe 2,1A,PIT,2026-09-12T13:12:15Z
2,bprochaska 2,1A,JAX,2026-09-09T01:44:14Z
2,Dennis tatarek 2,1A,JAX,2026-09-09T01:49:21Z
2,Hunter W 2,1A,JAX,2026-09-11T13:54:53Z
2,Midnight Mortgage 2,1A,DET,2026-09-09T02:06:48Z
2,Lay The Points 2,1A,JAX,2026-09-09T02:21:47Z
2,moz 2,1A,PHI,2026-09-13T15:29:21Z
2,Joewillie 2,1A,LV,2026-09-09T03:10:16Z
2,Gina Nelson 2,1A,LAR,2026-09-09T03:38:19Z
2,Tennesseeriverballhawk 2,1A,JAX,2026-09-09T03:41:48Z
2,Go Hawks 2,1A,NYJ,2026-09-09T03:42:01Z
2,Schippy 2,1A,PHI,2026-09-09T06:22:17Z
2,Troy Michaels 2,1A,LV,2026-09-13T15:57:34Z
2,Stephenjm 2,1A,JAX,2026-09-09T05:07:54Z
2,Bennyboy 2,1A,CIN,2026-09-09T05:58:55Z
2,laruffa 2,1A,JAX,2026-09-09T09:01:44Z
2,Show Pony 2,1A,JAX,2026-09-13T15:01:31Z
2,Tyler O 2,1A,JAX,2026-09-09T18:32:50Z
2,Travis Swift 2,1A,LAC,2026-09-09T13:13:56Z
2,RevengeoftheMahomes 2,1A,JAX,2026-09-13T15:24:25Z
2,Loser 2,1A,CLE,2026-09-09T20:46:20Z
2,Procure 2,1A,DET,2026-09-09T13:58:42Z
2,Ryan S 2,1A,DET,2026-09-09T14:21:05Z
2,Mash Buttatoes 2,1A,JAX,2026-09-09T14:31:59Z
2,Laxbromike 2,1A,JAX,2026-09-13T13:26:52Z
2,Angie 2,1A,TEN,2026-09-09T15:42:19Z
2,Titzer 2,1A,JAX,2026-09-09T16:37:55Z
2,G unit 2,1A,LAC,2026-09-09T16:18:27Z
2,BabygotDak 2,1A,LAC,2026-09-09T16:30:43Z
2,TyshawnLebron 2,1A,TEN,2026-09-09T22:09:07Z
2,Peter Sanford 2,1A,JAX,2026-09-09T17:28:35Z
2,Matts Marvelous Mystic 2,1A,DET,2026-09-09T16:57:12Z
2,NYBarbie 2,1A,LAC,2026-09-13T05:38:12Z
2,TXrunningman 2,1A,LAC,2026-09-09T22:04:22Z
2,Que 2,1A,PIT,2026-09-09T17:46:37Z
2,Phi43 2,1A,LAC,2026-09-13T13:38:41Z
2,DirtyBird 2,1A,JAX,2026-09-09T18:05:35Z
2,vourni 2,1A,LAC,2026-09-09T18:20:46Z
2,Witzee 2,1A,JAX,2026-09-09T18:46:45Z
2,jfleeck 2,1A,JAX,2026-09-10T14:46:12Z
2,DutchOven 2,1A,LAC,2026-09-09T21:51:31Z
2,FredG 2,1A,CIN,2026-09-09T19:40:52Z
2,BDB116 2,1A,PIT,2026-09-12T16:50:47Z
2,JoeDemyLocks 2,1A,LAC,2026-09-13T07:49:18Z
2,Nelli 2,1A,CIN,2026-09-09T19:54:32Z
2,Heinecke 2,1A,JAX,2026-09-09T20:08:47Z
2,Spencer Kelly 2,1A,JAX,2026-09-09T20:29:42Z
2,Jen Frank 2,1A,JAX,2026-09-09T20:14:59Z
2,Benbewinning 2,1A,JAX,2026-09-09T20:15:14Z
2,NJV 2,1A,LV,2026-09-09T22:36:23Z
2,Half Pint Hagen 2,1A,LAC,2026-09-09T20:41:57Z
2,Wernz whiffs 2,1A,LAC,2026-09-09T21:11:16Z
2,Too Much Estrogen 2,1A,DET,2026-09-11T22:21:50Z
2,Stella's Got Game 2,1A,JAX,2026-09-12T02:50:21Z
2,Team 3 2,1A,JAX,2026-09-09T22:10:45Z
2,Skoaldier 2,1A,JAX,2026-09-13T16:24:31Z
2,FLESHFLOWERS 2,1A,PIT,2026-09-09T22:38:02Z
2,AndrewJ 2,1A,LAC,2026-09-09T22:50:22Z
2,Zweber 2,1A,LAC,2026-09-12T22:28:04Z
2,Valski 2,1A,DAL,2026-09-09T22:56:26Z
2,Car Ramrod 2,1A,LAC,2026-09-09T22:59:21Z
2,Big Blue 2,1A,LV,2026-09-09T23:36:49Z
2,Rosco P. Coltrane 2,1A,ARI,2026-09-09T23:37:37Z
2,Homeyjoe 2,1A,JAX,2026-09-09T23:53:36Z
2,Jordan Dvorak 2,1A,LAC,2026-09-10T00:05:31Z
2,MandB 2,1A,DET,2026-09-12T17:46:46Z
2,Terhune 2,1A,PIT,2026-09-13T15:35:21Z
2,AShores88 2,1A,JAX,2026-09-10T00:33:52Z
2,Sweettits 2,1A,PIT,2026-09-10T00:37:42Z
2,Shores 2,1A,PIT,2026-09-10T00:38:14Z
2,Jake Bazella 2,1A,LV,2026-09-10T00:54:44Z
2,WeRunSolo 2,1A,LAC,2026-09-10T01:44:07Z
2,Spoonman 2,1A,DET,2026-09-13T13:54:40Z
2,Evanhanz 2,1A,LAC,2026-09-13T16:24:58Z
2,Coates55 2,1A,LAC,2026-09-10T02:54:40Z
2,destiny01 2,1A,JAX,2026-09-10T04:34:47Z
2,DonHollywood 2,1A,PIT,2026-09-10T08:34:21Z
2,Cory  S 2,1A,JAX,2026-09-10T10:25:47Z
2,LFS108 2,1A,DET,2026-09-10T12:02:02Z
2,EZ Does It!! 2,1A,JAX,2026-09-10T11:51:58Z
2,DirtyBirdie 2,1A,JAX,2026-09-10T12:46:15Z
2,#Kevin 2,1A,LAC,2026-09-10T13:49:36Z
2,Ntap_chris 2,1A,CAR,2026-09-10T13:55:39Z
2,sdanciak 2,1A,JAX,2026-09-10T14:12:40Z
2,Fred P 2,1A,LV,2026-09-10T14:45:01Z
2,Brain 2,1A,JAX,2026-09-10T19:16:04Z
2,Victor D 2,1A,LAC,2026-09-10T19:12:53Z
2,CaliB 2,1A,DET,2026-09-10T19:30:03Z
2,BDvorak 2,1A,CIN,2026-09-10T22:28:20Z
2,SMU 2,1A,PIT,2026-09-11T00:09:12Z
2,CrazyMonkey 2,1A,JAX,2026-09-13T12:28:40Z
2,Kbecks 2,1A,LV,2026-09-11T00:56:19Z
2,Smallz 2,1A,PHI,2026-09-11T01:25:49Z
2,WildernessNinjas 2,1A,LV,2026-09-11T03:02:55Z
2,Fishhead 2,1A,DET,2026-09-11T04:24:39Z
2,Danielle Caliebe 2,1A,JAX,2026-09-11T12:32:45Z
2,BigPlayJ 2,1A,NYJ,2026-09-11T14:52:02Z
2,Children of the Corn 2,1A,DET,2026-09-11T16:30:02Z
2,JJ’s Winners 1 2,1A,PIT,2026-09-11T16:53:52Z
2,Vodka Sota 2,1A,PIT,2026-09-11T16:51:55Z
2,Horseshoe 2,1A,LV,2026-09-11T16:52:23Z
2,Nschram 2,1A,LV,2026-09-13T00:32:57Z
2,Steve Demy 2,1A,JAX,2026-09-11T22:11:25Z
2,Dice7126 2,1A,LV,2026-09-12T06:26:43Z
2,Cat 2,1A,PIT,2026-09-13T12:57:21Z
2,Swarner 2,1A,NYJ,2026-09-12T18:46:15Z
2,Ron Burhite 2,1A,TEN,2026-09-12T18:48:21Z
2,SandmanReject 2,1A,TEN,2026-09-13T16:33:41Z
2,Rsmart 2,1A,CIN,2026-09-12T19:56:16Z
2,Cheney 2,1A,CIN,2026-09-12T20:34:22Z
2,BigW 2,1A,MIA,2026-09-12T23:10:07Z
2,Destroyer 2,1A,LAC,2026-09-12T23:59:33Z
2,BERP 2,1A,LAC,2026-09-13T00:15:19Z
2,LLD 2,1A,DET,2026-09-13T00:31:03Z
2,DiederichNS 2,1A,LAC,2026-09-13T01:12:51Z
2,RJRT 2,1A,PIT,2026-09-13T02:14:29Z
2,Berns Bags and Friends 2,1A,PIT,2026-09-13T02:51:10Z
2,-EV. 2,1A,LV,2026-09-13T03:32:25Z
2,UACATS26 2,1A,ARI,2026-09-13T15:19:07Z
2,Dang 2,1A,TEN,2026-09-13T12:44:06Z
2,Old Gregg 2,1A,PIT,2026-09-13T12:44:43Z
2,Mabel Miranda 2,1A,PIT,2026-09-13T12:59:19Z
2,enerson413 2,1A,LAC,2026-09-13T13:07:05Z
2,Showtime 2,1A,DET,2026-09-13T13:59:25Z
2,Papa Funk 1 2,1A,LAC,2026-09-13T14:10:25Z
2,Vikingstothebowl 2,1A,PIT,2026-09-13T14:32:54Z
2,Yosemite Sam 2,1A,PIT,2026-09-13T14:37:24Z
2,Coop 2,1A,PHI,2026-09-13T14:39:43Z
2,The Pigskin 2,1A,PIT,2026-09-13T15:23:00Z
2,Winner Winner 2,1A,JAX,2026-09-13T15:31:50Z
2,L.Greenwood 2,1A,DAL,2026-09-13T15:39:22Z
2,Brian Hanson 2,1A,JAX,2026-09-13T15:44:45Z
2,Greg Lau 2,1A,JAX,2026-09-13T15:43:12Z
2,TWS 2,1A,PIT,2026-09-13T15:42:54Z
2,Matty Ice 2,1A,NYJ,2026-09-13T15:46:50Z
2,It's Our Time 2,1A,MIN,2026-09-13T15:56:42Z
2,Val Estrada 2,1A,JAX,2026-09-13T16:06:49Z
2,Cellar Door 2,1A,PIT,2026-09-13T16:08:24Z
2,Edina Jayhawk 2,1A,LV,2026-09-13T16:13:45Z
2,Mylo 2,1A,LAC,2026-09-13T16:23:32Z
2,Show me your TDs 2,1A,LV,2026-09-13T16:34:44Z
2,Tatarekt 2,1A,LAC,2026-09-13T16:34:52Z
2,Skol to the Bowl 2,1A,DET,2026-09-13T16:52:18Z
2,Revenge of the Vrabes 2,1A,PIT,2026-09-13T16:56:11Z
2,JCG 2,1A,LV,2026-09-13T17:01:00Z
2,Kdeez 2,1A,LV,2026-09-13T17:17:18Z
2,Whig 2,1A,LAC,2026-09-13T17:34:23Z
2,LAH 2,1A,DAL,2026-09-13T18:15:54Z
2,Cecil G 2,1A,LAC,2026-09-13T18:27:48Z
2,Pooter 2,1A,PHI,2026-09-13T18:42:45Z
2,Matthew Cox 2,1A,LAC,2026-09-13T19:48:51Z
2,Last Place 2,1A,NYG,2026-09-13T19:51:20Z
2,Proasscoach 2,1A,LAC,2026-09-13T20:09:57Z
2,LukeC 2,1A,DAL,2026-09-13T20:40:39Z
2,Angiegirl 2,1A,DAL,2026-09-13T20:36:27Z
2,Evo 4G63 Lover 2,1A,DAL,2026-09-13T23:49:54Z
2,Brainjw 2,1A,DAL,2026-09-13T23:59:39Z
2,Jesse Martin 2,1A,DAL,2026-09-14T00:09:02Z
3,Stow 3,1A,JAX,2026-09-09T14:18:10Z
3,BankofMarquis 3,1A,LV,2026-08-23T00:33:45Z
3,BossHogg 3,1A,PIT,2026-09-12T23:05:56Z
3,Duncan 3,1A,LAC,2026-08-29T20:40:15Z
3,Dobolicious 3,1A,JAX,2026-08-26T01:28:15Z
3,QueenJoanie 3,1A,PIT,2026-08-23T06:57:29Z
3,ButterBob 3,1A,JAX,2026-09-09T21:24:10Z
3,Larry Hess 3,1A,JAX,2026-08-23T20:08:22Z
3,RecklessDZ 3,1A,PIT,2026-09-09T13:06:54Z
3,Oki 3,1A,LV,2026-09-09T21:47:05Z
3,Tim The Enchanter 3,1A,LV,2026-09-07T17:09:33Z
3,RobbyMcRobface 3,1A,LV,2026-09-08T22:32:26Z
3,Kory Isley 3,1A,PIT,2026-09-09T00:46:06Z
3,Chronos 3,1A,PIT,2026-09-01T15:22:23Z
3,Todd G 3,1A,LV,2026-09-03T01:28:42Z
3,Robert Dean 3,1A,JAX,2026-09-08T22:05:20Z
3,JL2320 3,1A,JAX,2026-09-08T20:11:29Z
3,HSJL 3,1A,PIT,2026-09-11T21:56:17Z
3,Scoots28 3,1A,PIT,2026-09-11T22:57:57Z
3,Masterdeflater 3,1A,LAC,2026-09-05T15:11:34Z
3,sweat hogs 3,1A,JAX,2026-09-12T23:15:26Z
3,Muskhogeans 3,1A,PHI,2026-09-12T23:16:30Z
3,shogi 3,1A,LV,2026-09-12T23:17:39Z
3,Merril Hoge 3,1A,DET,2026-09-12T23:19:14Z
3,orthogonal 3,1A,CHI,2026-09-12T23:20:04Z
3,Nicks picks 3,1A,LAC,2026-09-13T03:45:30Z
3,Number 9 3,1A,NYJ,2026-08-30T20:26:39Z
3,KC Wildcats 3,1A,JAX,2026-08-24T12:43:44Z
3,Mitch's Maniacs 3,1A,LAC,2026-08-25T01:31:04Z
3,Bottom Feeder 3,1A,LAC,2026-08-30T13:34:38Z
3,Byrdman 3,1A,JAX,2026-08-28T13:54:14Z
3,The Rocket 3,1A,JAX,2026-08-24T14:22:44Z
3,CoorsBanquet 3,1A,LAC,2026-09-06T14:29:37Z
3,FishKing17 3,1A,DET,2026-08-24T19:33:20Z
3,Karomaro 3,1A,JAX,2026-09-08T16:35:30Z
3,SHAQFU19 3,1A,LAC,2026-08-24T15:36:27Z
3,X-Ray 3,1A,LV,2026-09-13T20:18:15Z
3,Drago 3,1A,JAX,2026-08-25T14:28:06Z
3,.PALMER 3,1A,JAX,2026-08-24T18:32:49Z
3,DCloud 3,1A,LAR,2026-08-24T18:46:57Z
3,iwasatthesswift-kelcewedding 3,1A,CHI,2026-09-08T19:47:00Z
3,Lep 3,1A,LAC,2026-08-24T19:07:56Z
3,Scott Brofman 3,1A,PHI,2026-08-24T19:58:57Z
3,CGully 3,1A,LV,2026-09-04T18:46:14Z
3,Tamasi 3,1A,JAX,2026-09-08T20:16:26Z
3,Halvey 3,1A,JAX,2026-08-24T21:49:52Z
3,James B 3,1A,TEN,2026-08-30T13:48:48Z
3,Eastside 17 3,1A,DAL,2026-09-08T23:55:59Z
3,Freddy Reyes 3,1A,PIT,2026-09-11T05:19:30Z
3,Greenlun 3,1A,JAX,2026-09-03T20:54:01Z
3,danohara 3,1A,PIT,2026-09-09T14:09:52Z
3,CTEasymoney 3,1A,PIT,2026-09-11T22:28:06Z
3,Schwing 3,1A,JAX,2026-09-01T22:44:39Z
3,Hain 3,1A,PIT,2026-09-09T00:34:03Z
3,Jacob Goergen 3,1A,LAC,2026-08-30T21:37:10Z
3,Danny Heldt 3,1A,JAX,2026-08-25T14:50:06Z
3,Nube 3,1A,LAC,2026-09-03T18:17:08Z
3,Alex Allen 3,1A,JAX,2026-09-02T17:06:51Z
3,RON JANSEN 3,1A,LAC,2026-08-29T16:20:15Z
3,ThisIsTheYear 3,1A,DAL,2026-08-26T12:40:25Z
3,The Lock of the Week 3,1A,PIT,2026-08-25T20:36:16Z
3,One Pump Love & Dump 3,1A,LAC,2026-08-26T14:50:38Z
3,Shannon 3,1A,JAX,2026-09-04T03:17:12Z
3,TonerPirates 3,1A,PHI,2026-08-26T00:27:58Z
3,Redgem 3,1A,PIT,2026-09-09T15:26:07Z
3,Eric Sexton 3,1A,JAX,2026-09-02T02:43:58Z
3,BCAT 3,1A,LAC,2026-08-30T13:25:22Z
3,IBian 3,1A,CIN,2026-09-03T18:01:24Z
3,Psorensen 3,1A,LAC,2026-09-09T02:29:06Z
3,SkolVikes 3,1A,PHI,2026-09-08T15:12:12Z
3,Vendor 3,1A,TEN,2026-09-09T02:01:11Z
3,Marc M 3,1A,PHI,2026-09-13T20:12:11Z
3,Tony G 3,1A,LAC,2026-08-27T21:26:11Z
3,Mongoose 3,1A,DET,2026-08-27T21:42:33Z
3,Fletch 3,1A,JAX,2026-09-07T22:12:47Z
3,Morning Chuba 3,1A,LAC,2026-09-01T18:50:02Z
3,WZKB 3,1A,BAL,2026-09-06T17:00:07Z
3,AssKickers 3,1A,LAC,2026-09-12T18:03:05Z
3,Fielder 3,1A,LAC,2026-09-09T21:18:36Z
3,JEG#1 3,1A,PIT,2026-09-10T19:03:10Z
3,Doug Cook 3,1A,LAC,2026-08-28T20:41:39Z
3,PB -  jd/ct 3,1A,PHI,2026-09-09T03:23:37Z
3,Bob & Jackie 3,1A,PIT,2026-09-09T22:44:22Z
3,JoeyG 3,1A,JAX,2026-08-29T22:53:12Z
3,Sidders 3,1A,LAC,2026-09-08T18:51:32Z
3,Aidan O'Hara 3,1A,CHI,2026-09-13T16:20:12Z
3,BigCat#30 - 3,1A,LV,2026-08-30T07:36:54Z
3,Brock 3,1A,DET,2026-09-11T02:53:28Z
3,TJB 3,1A,LAC,2026-09-08T02:59:39Z
3,Karl Havoc 3,1A,PIT,2026-09-13T12:16:49Z
3,TG94 3,1A,LV,2026-08-31T14:09:22Z
3,Skooter 3,1A,LV,2026-08-31T19:32:08Z
3,Garner 3,1A,TEN,2026-09-04T13:26:54Z
3,JFerrell 3,1A,JAX,2026-09-01T01:14:51Z
3,BS 3,1A,JAX,2026-09-01T03:01:38Z
3,GWhite 3,1A,LV,2026-09-08T12:58:07Z
3,CWHITE 3,1A,JAX,2026-09-02T20:12:21Z
3,Luke K 3,1A,JAX,2026-09-07T12:53:28Z
3,BLURRS 3,1A,JAX,2026-09-04T15:06:02Z
3,Randall_R 3,1A,LAC,2026-09-01T15:42:49Z
3,a.schneck 3,1A,DET,2026-09-01T21:18:54Z
3,J Bud 3,1A,LAC,2026-09-01T18:37:45Z
3,Chong Y 3,1A,LAC,2026-09-01T19:00:49Z
3,DEVO 3,1A,DET,2026-09-01T19:56:43Z
3,Raider Haters 3,1A,JAX,2026-09-13T13:52:19Z
3,Foost26 3,1A,DET,2026-09-06T23:48:04Z
3,Savage outdoors 3,1A,LAC,2026-09-02T00:32:08Z
3,Joe Buck Yourself 3,1A,LAC,2026-09-02T02:41:55Z
3,The Modern Day Maharaja 3,1A,DET,2026-09-10T23:21:20Z
3,Mark O 3,1A,DET,2026-09-10T14:27:02Z
3,colorado_viking 3,1A,LV,2026-09-09T10:33:44Z
3,Tim Kost 3,1A,LAC,2026-09-07T14:41:21Z
3,Original Stephen A 3,1A,JAX,2026-09-03T20:38:45Z
3,CTaylor 3,1A,CHI,2026-09-02T17:48:15Z
3,Jake’s Irish 3,1A,DET,2026-09-02T17:52:18Z
3,Nickels 3,1A,LAC,2026-09-03T18:09:45Z
3,Ray LaMarca 3,1A,LV,2026-09-02T23:02:49Z
3,Homeslice 3,1A,DET,2026-09-02T22:08:51Z
3,Tenacious 218ers 3,1A,LAC,2026-09-11T19:00:49Z
3,The Hip 3,1A,TEN,2026-09-03T14:05:31Z
3,AJ 3,1A,DET,2026-09-03T15:06:55Z
3,BadaBehm 3,1A,LAC,2026-09-09T15:11:43Z
3,Keith Oerther 2 3,1A,LAC,2026-09-07T21:52:05Z
3,GopherNation! 3,1A,LAC,2026-09-03T17:43:51Z
3,Sathre 3,1A,PIT,2026-09-13T15:44:28Z
3,A.K.A. King Gio 3,1A,PHI,2026-09-13T05:55:48Z
3,.buckle up 3,1A,JAX,2026-09-08T13:30:08Z
3,tkirchgraber 3,1A,LAC,2026-09-04T01:22:46Z
3,Simanek 3,1A,LV,2026-09-04T12:14:33Z
3,lance manion 3,1A,DET,2026-09-09T00:46:01Z
3,tchristl 3,1A,LV,2026-09-04T15:54:41Z
3,SJU 3,1A,DET,2026-09-09T13:08:54Z
3,Skidmark 3,1A,JAX,2026-09-04T18:31:00Z
3,Unregulated 3,1A,DAL,2026-09-08T17:28:08Z
3,TommyGun 3,1A,LV,2026-09-09T13:21:43Z
3,Drool 3,1A,JAX,2026-09-04T16:35:16Z
3,OMB 3,1A,LAC,2026-09-04T16:38:03Z
3,RabidGophers 3,1A,LV,2026-09-13T14:30:07Z
3,D-dog 3,1A,LV,2026-09-04T21:09:16Z
3,Honolulu Blues 3,1A,PIT,2026-09-12T15:31:06Z
3,Liamo 3,1A,MIN,2026-09-09T16:39:56Z
3,CJ2 3,1A,PHI,2026-09-08T22:47:11Z
3,John DesJardins 3,1A,DET,2026-09-04T23:32:35Z
3,Halftrack 3,1A,LV,2026-09-12T15:45:17Z
3,Ibinger 3,1A,LAC,2026-09-05T02:55:46Z
3,Bigtippers 3,1A,LAC,2026-09-10T01:48:20Z
3,3Strangedays 3,1A,DET,2026-09-05T03:01:52Z
3,MrOct20 3,1A,DET,2026-09-07T03:23:41Z
3,J H 3,1A,DET,2026-09-05T10:17:17Z
3,Team Green 3,1A,CHI,2026-09-05T15:05:22Z
3,jfkhyland 3,1A,LAC,2026-09-08T02:22:45Z
3,Jon Swanson 3,1A,TEN,2026-09-13T05:40:34Z
3,Tolly 3,1A,JAX,2026-09-09T14:18:10Z
3,gp-23 3,1A,LAC,2026-09-06T18:05:04Z
3,GABE 3,1A,LAC,2026-09-05T22:20:10Z
3,JAC 3,1A,PHI,2026-09-06T18:31:59Z
3,Lljuergs 3,1A,PIT,2026-09-06T13:29:26Z
3,Richard Olson 3,1A,LAC,2026-09-06T15:00:26Z
3,Travis K 3,1A,LAC,2026-09-06T16:29:25Z
3,Nick3l City 3,1A,PIT,2026-09-13T16:33:47Z
3,Jason Jansen 3,1A,PIT,2026-09-12T19:42:50Z
3,Sarah Fazendin 3,1A,TEN,2026-09-08T17:56:01Z
3,The Dark Knights 3,1A,MIN,2026-09-06T19:11:21Z
3,slyoss 3,1A,LAC,2026-09-07T18:21:26Z
3,Rhodekill 3,1A,LAC,2026-09-09T02:21:16Z
3,Weichert 3,1A,JAX,2026-09-13T01:34:33Z
3,Funny Money 3,1A,LAC,2026-09-07T01:58:13Z
3,A.Lewis 3,1A,DET,2026-09-09T03:22:04Z
3,Mal 3,1A,LAC,2026-09-07T06:01:23Z
3,Trevor Caliebe 3,1A,TEN,2026-09-09T06:31:09Z
3,MikeM 3,1A,DET,2026-09-13T13:12:20Z
3,JessiMain 3,1A,JAX,2026-09-07T14:25:47Z
3,Double Ds 3,1A,JAX,2026-09-07T15:22:47Z
3,yogi 1 3,1A,JAX,2026-09-13T14:03:53Z
3,ryan miller 3,1A,NYJ,2026-09-13T07:05:14Z
3,BillsMafiaJA17 3,1A,JAX,2026-09-07T18:03:41Z
3,AndrewL 3,1A,LAC,2026-09-07T19:22:22Z
3,Rizzio 3,1A,LAC,2026-09-07T19:20:08Z
3,The Tavern 3,1A,TEN,2026-09-12T13:01:06Z
3,.ZF 3,1A,LV,2026-09-07T19:28:35Z
3,Karn 3,1A,JAX,2026-09-07T20:27:42Z
3,TwentyFour 3,1A,TEN,2026-09-13T07:08:30Z
3,Bren 3,1A,IND,2026-09-07T21:46:26Z
3,Early Exit 3,1A,DET,2026-09-07T21:48:27Z
3,Cryan 3,1A,PIT,2026-09-12T01:17:55Z
3,akahn 3,1A,DET,2026-09-11T23:34:05Z
3,CSmith311 3,1A,DET,2026-09-10T16:02:41Z
3,Tetlow 3,1A,JAX,2026-09-08T00:27:35Z
3,darcyvikinggirl 3,1A,LAC,2026-09-08T01:23:08Z
3,Shot to the Chops 3,1A,LAC,2026-09-08T01:24:08Z
3,Mike Egan 3,1A,LAC,2026-09-08T01:36:04Z
3,Steiger Family 3,1A,JAX,2026-09-09T23:29:54Z
3,Dennis/Sheik 3,1A,JAX,2026-09-11T04:18:14Z
3,Sheik/Dennis 3,1A,LV,2026-09-11T16:01:22Z
3,Kim 3,1A,JAX,2026-09-13T02:39:30Z
3,Neums 3,1A,DET,2026-09-08T03:12:46Z
3,Jacob Kost 3,1A,BAL,2026-09-08T06:25:48Z
3,Theo G 3,1A,JAX,2026-09-08T11:06:42Z
3,JohnD 3,1A,JAX,2026-09-13T16:25:26Z
3,Clarkesworld 3,1A,PHI,2026-09-08T11:45:11Z
3,Team Callipygian 3,1A,JAX,2026-09-09T00:34:06Z
3,Flickertails 3,1A,DET,2026-09-08T12:13:39Z
3,Brian Becker 3,1A,LAC,2026-09-08T12:59:16Z
3,Jobu's Rum 3,1A,DET,2026-09-08T13:24:15Z
3,Sherlock 3,1A,LAC,2026-09-08T14:14:38Z
3,Shawn Williams 3,1A,DET,2026-09-08T14:21:29Z
3,Eric Dennis 3,1A,PIT,2026-09-08T14:25:47Z
3,JHunt 3,1A,LV,2026-09-08T14:39:53Z
3,Kraigisley 3,1A,LAC,2026-09-08T22:12:33Z
3,bjoachim 3,1A,LAC,2026-09-08T15:20:29Z
3,Jahoobies 3,1A,LAR,2026-09-08T15:21:17Z
3,Grandview Zebras 3,1A,LAC,2026-09-08T15:34:09Z
3,Bantam Jags! 3,1A,DET,2026-09-13T03:43:18Z
3,The Committee 3,1A,LAC,2026-09-08T15:49:44Z
3,Dave LaFond 3,1A,TEN,2026-09-08T17:28:55Z
3,Fish1013Sr 3,1A,DET,2026-09-08T17:21:19Z
3,Whole mess of crepes 3,1A,LAC,2026-09-13T20:11:07Z
3,Jonathan F 3,1A,JAX,2026-09-08T18:46:11Z
3,Nick Latzke 3,1A,JAX,2026-09-08T19:38:10Z
3,Thakur 3,1A,JAX,2026-09-12T19:15:18Z
3,Thiglife50 3,1A,PIT,2026-09-08T20:19:29Z
3,James @Oakside 3,1A,LV,2026-09-08T20:32:55Z
3,Megs 3,1A,ARI,2026-09-08T20:45:10Z
3,Balls-less Walz 3,1A,LAC,2026-09-09T16:05:52Z
3,Brad Willis 3,1A,JAX,2026-09-09T22:23:24Z
3,IRA 3,1A,DET,2026-09-09T01:45:28Z
3,Nick Hayes 3,1A,LAC,2026-09-13T15:35:36Z
3,Jokes Sean Can't Take: 3,1A,LAC,2026-09-13T04:15:57Z
3,YOURFACE 3,1A,DET,2026-09-08T23:00:51Z
3,MyMercedes 3,1A,PIT,2026-09-11T04:18:40Z
3,Redbull 3,1A,PIT,2026-09-10T00:09:07Z
3,JEnerson 3,1A,JAX,2026-09-09T00:09:35Z
3,Dave Stencil 3,1A,DET,2026-09-09T00:49:41Z
3,VikeQueen 3,1A,PIT,2026-09-09T02:44:27Z
3,R.Sprad 3,1A,TEN,2026-09-09T01:09:48Z
3,TurfToe 3,1A,PHI,2026-09-12T13:12:33Z
3,bprochaska 3,1A,LAC,2026-09-09T01:44:25Z
3,Midnight Mortgage 3,1A,DET,2026-09-09T02:19:54Z
3,Lay The Points 3,1A,LV,2026-09-13T20:12:10Z
3,Gina Nelson 3,1A,CIN,2026-09-09T03:38:28Z
3,Schippy 3,1A,JAX,2026-09-09T04:39:16Z
3,Troy Michaels 3,1A,CAR,2026-09-13T15:57:49Z
3,Bennyboy 3,1A,DET,2026-09-09T05:59:03Z
3,laruffa 3,1A,LV,2026-09-09T09:01:53Z
3,Show Pony 3,1A,JAX,2026-09-13T15:01:36Z
3,Tyler O 3,1A,LV,2026-09-13T16:06:29Z
3,Travis Swift 3,1A,LV,2026-09-09T13:14:38Z
3,RevengeoftheMahomes 3,1A,LAC,2026-09-13T15:24:32Z
3,Loser 3,1A,ARI,2026-09-09T20:46:30Z
3,Procure 3,1A,CHI,2026-09-09T13:58:46Z
3,Ryan S 3,1A,LAC,2026-09-09T14:21:10Z
3,Mash Buttatoes 3,1A,PIT,2026-09-09T14:32:22Z
3,Titzer 3,1A,LAC,2026-09-09T16:38:11Z
3,G unit 3,1A,DET,2026-09-09T16:18:35Z
3,BabygotDak 3,1A,LV,2026-09-09T16:31:56Z
3,TyshawnLebron 3,1A,SEA,2026-09-09T22:08:32Z
3,NYBarbie 3,1A,LV,2026-09-13T05:38:17Z
3,Phi43 3,1A,NYJ,2026-09-13T13:38:58Z
3,DirtyBird 3,1A,DET,2026-09-09T18:05:46Z
3,Witzee 3,1A,LAC,2026-09-09T18:46:51Z
3,jfleeck 3,1A,LAC,2026-09-10T14:46:41Z
3,DutchOven 3,1A,DET,2026-09-09T21:51:58Z
3,FredG 3,1A,JAX,2026-09-09T19:41:13Z
3,BDB116 3,1A,LV,2026-09-13T15:21:37Z
3,JoeDemyLocks 3,1A,DET,2026-09-13T07:49:33Z
3,Spencer Kelly 3,1A,JAX,2026-09-09T20:29:47Z
3,Benbewinning 3,1A,CHI,2026-09-09T20:15:55Z
3,NJV 3,1A,LAC,2026-09-09T22:36:47Z
3,Half Pint Hagen 3,1A,DET,2026-09-09T20:42:39Z
3,Wernz whiffs 3,1A,PHI,2026-09-09T21:11:27Z
3,Too Much Estrogen 3,1A,CLE,2026-09-11T22:20:28Z
3,AndrewJ 3,1A,LAR,2026-09-09T22:48:57Z
3,Zweber 3,1A,DET,2026-09-12T22:28:08Z
3,FLESHFLOWERS 3,1A,TEN,2026-09-09T22:56:23Z
3,Car Ramrod 3,1A,PHI,2026-09-09T23:00:00Z
3,Big Blue 3,1A,JAX,2026-09-09T23:37:20Z
3,Homeyjoe 3,1A,DET,2026-09-09T23:53:40Z
3,Jordan Dvorak 3,1A,LAC,2026-09-10T00:05:37Z
3,MandB 3,1A,JAX,2026-09-12T17:46:54Z
3,Terhune 3,1A,JAX,2026-09-13T15:35:30Z
3,AShores88 3,1A,LAC,2026-09-10T00:34:47Z
3,Sweettits 3,1A,LAC,2026-09-10T00:37:57Z
3,Shores 3,1A,JAX,2026-09-10T00:38:25Z
3,Jake Bazella 3,1A,LAC,2026-09-10T00:55:02Z
3,WeRunSolo 3,1A,JAX,2026-09-10T01:44:17Z
3,Spoonman 3,1A,PIT,2026-09-13T13:54:50Z
3,Coates55 3,1A,PIT,2026-09-13T15:05:24Z
3,destiny01 3,1A,LV,2026-09-10T04:34:54Z
3,DonHollywood 3,1A,LV,2026-09-10T08:34:27Z
3,Cory  S 3,1A,LAC,2026-09-10T10:25:56Z
3,EZ Does It!! 3,1A,DET,2026-09-10T11:52:00Z
3,DirtyBirdie 3,1A,LV,2026-09-10T12:46:51Z
3,#Kevin 3,1A,PIT,2026-09-10T13:49:49Z
3,sdanciak 3,1A,DET,2026-09-10T14:12:44Z
3,Brain 3,1A,JAX,2026-09-10T19:16:19Z
3,Victor D 3,1A,LAC,2026-09-10T19:13:22Z
3,CaliB 3,1A,LAC,2026-09-10T19:30:09Z
3,BDvorak 3,1A,PIT,2026-09-10T22:28:30Z
3,SMU 3,1A,LAC,2026-09-11T00:09:42Z
3,CrazyMonkey 3,1A,JAX,2026-09-13T12:28:49Z
3,WildernessNinjas 3,1A,PHI,2026-09-11T03:03:06Z
3,Fishhead 3,1A,CIN,2026-09-11T04:25:00Z
3,Nschram 3,1A,TEN,2026-09-13T00:33:05Z
3,Steve Demy 3,1A,LAC,2026-09-11T22:11:32Z
3,Dice7126 3,1A,JAX,2026-09-12T06:27:13Z
3,Cat 3,1A,JAX,2026-09-13T12:57:45Z
3,Swarner 3,1A,PIT,2026-09-12T18:46:23Z
3,Rsmart 3,1A,PIT,2026-09-12T19:56:50Z
3,Destroyer 3,1A,DET,2026-09-12T23:59:38Z
3,BERP 3,1A,PIT,2026-09-13T00:15:57Z
3,RJRT 3,1A,PIT,2026-09-13T02:49:04Z
3,Berns Bags and Friends 3,1A,PIT,2026-09-13T02:51:12Z
3,-EV. 3,1A,JAX,2026-09-13T03:33:33Z
3,Dang 3,1A,MIA,2026-09-13T12:44:12Z
3,Old Gregg 3,1A,TEN,2026-09-13T12:44:49Z
3,Mabel Miranda 3,1A,JAX,2026-09-13T13:00:16Z
3,enerson413 3,1A,LAC,2026-09-13T13:07:13Z
3,Laxbromike 3,1A,JAX,2026-09-13T13:28:15Z
3,Showtime 3,1A,JAX,2026-09-13T14:01:20Z
3,Papa Funk 1 3,1A,DET,2026-09-13T14:10:47Z
3,Yosemite Sam 3,1A,NYJ,2026-09-13T14:37:37Z
3,Brian Hanson 3,1A,LV,2026-09-13T15:44:38Z
3,Greg Lau 3,1A,PIT,2026-09-13T15:43:49Z
3,TWS 3,1A,JAX,2026-09-13T15:43:18Z
3,Matty Ice 3,1A,LV,2026-09-13T15:46:58Z
3,It's Our Time 3,1A,PIT,2026-09-13T15:56:53Z
3,Val Estrada 3,1A,LAC,2026-09-13T16:07:24Z
3,Cellar Door 3,1A,JAX,2026-09-13T16:08:30Z
3,Show me your TDs 3,1A,JAX,2026-09-13T16:27:43Z
3,Tatarekt 3,1A,JAX,2026-09-13T16:35:05Z
3,Skol to the Bowl 3,1A,LAC,2026-09-13T16:52:48Z
3,Revenge of the Vrabes 3,1A,DET,2026-09-13T16:56:25Z
3,JCG 3,1A,PHI,2026-09-13T17:01:33Z
3,Cecil G 3,1A,LV,2026-09-13T18:28:12Z
3,Pooter 3,1A,MIN,2026-09-13T18:43:18Z
3,Matthew Cox 3,1A,LV,2026-09-13T19:49:27Z
3,Proasscoach 3,1A,LAC,2026-09-13T20:10:04Z
3,Angiegirl 3,1A,DAL,2026-09-13T20:36:31Z
3,Evo 4G63 Lover 3,1A,DAL,2026-09-13T23:50:00Z
3,JM 3,1A,DAL,2026-09-13T23:53:51Z
3,Johnny$ 3,1A,DAL,2026-09-14T00:13:13Z
4,Stow 4,1A,JAX,2026-09-09T14:18:10Z
4,BossHogg 4,1A,PIT,2026-09-12T23:05:58Z
4,Dobolicious 4,1A,PHI,2026-08-26T01:28:32Z
4,QueenJoanie 4,1A,PIT,2026-08-23T06:57:31Z
4,Larry Hess 4,1A,DET,2026-08-23T20:08:26Z
4,Oki 4,1A,LV,2026-09-09T21:47:07Z
4,Tim The Enchanter 4,1A,LV,2026-08-24T00:31:33Z
4,RobbyMcRobface 4,1A,PIT,2026-09-08T22:32:46Z
4,Kory Isley 4,1A,NYJ,2026-09-09T00:46:13Z
4,Chronos 4,1A,JAX,2026-08-23T23:24:46Z
4,Robert Dean 4,1A,LV,2026-09-08T22:05:55Z
4,HSJL 4,1A,PIT,2026-09-11T21:56:35Z
4,Scoots28 4,1A,PIT,2026-09-11T22:58:03Z
4,Masterdeflater 4,1A,PHI,2026-09-04T19:44:33Z
4,sweat hogs 4,1A,JAX,2026-09-12T23:15:32Z
4,Muskhogeans 4,1A,PHI,2026-09-12T23:16:36Z
4,shogi 4,1A,LV,2026-09-12T23:17:44Z
4,Merril Hoge 4,1A,DET,2026-09-12T23:19:19Z
4,orthogonal 4,1A,CHI,2026-09-12T23:20:09Z
4,Nicks picks 4,1A,LAC,2026-09-13T03:45:37Z
4,Number 9 4,1A,CAR,2026-08-30T20:26:46Z
4,KC Wildcats 4,1A,JAX,2026-08-24T12:43:48Z
4,Mitch's Maniacs 4,1A,LAC,2026-08-25T01:31:13Z
4,Bottom Feeder 4,1A,LAC,2026-08-30T13:34:43Z
4,CoorsBanquet 4,1A,DET,2026-09-06T14:29:52Z
4,FishKing17 4,1A,LAC,2026-08-31T18:00:17Z
4,X-Ray 4,1A,PHI,2026-09-13T16:47:11Z
4,Drago 4,1A,TEN,2026-08-25T14:27:35Z
4,.PALMER 4,1A,LV,2026-09-08T22:24:51Z
4,DCloud 4,1A,PIT,2026-09-13T15:38:34Z
4,iwasatthesswift-kelcewedding 4,1A,JAX,2026-08-24T23:13:31Z
4,Lep 4,1A,LAC,2026-08-24T19:08:00Z
4,CGully 4,1A,JAX,2026-09-13T14:14:50Z
4,Halvey 4,1A,TEN,2026-08-24T21:50:13Z
4,Eastside 17 4,1A,MIN,2026-09-08T23:56:08Z
4,Greenlun 4,1A,LAC,2026-09-03T20:54:11Z
4,danohara 4,1A,LV,2026-09-09T14:10:02Z
4,Schwing 4,1A,LAC,2026-09-01T22:44:41Z
4,Hain 4,1A,DAL,2026-09-09T00:34:35Z
4,Jacob Goergen 4,1A,PIT,2026-09-04T15:44:08Z
4,Alex Allen 4,1A,NYJ,2026-09-13T13:22:14Z
4,ThisIsTheYear 4,1A,MIN,2026-08-25T18:59:29Z
4,The Lock of the Week 4,1A,JAX,2026-08-25T20:36:23Z
4,One Pump Love & Dump 4,1A,TEN,2026-08-26T14:51:18Z
4,TonerPirates 4,1A,DET,2026-08-26T00:28:06Z
4,Redgem 4,1A,JAX,2026-09-09T15:26:16Z
4,IBian 4,1A,LV,2026-09-09T14:43:47Z
4,Psorensen 4,1A,JAX,2026-09-09T02:29:08Z
4,SkolVikes 4,1A,CHI,2026-09-08T15:12:30Z
4,Vendor 4,1A,LV,2026-09-09T00:44:33Z
4,Tony G 4,1A,GB,2026-08-27T21:26:46Z
4,Mongoose 4,1A,PHI,2026-08-27T21:43:54Z
4,Fletch 4,1A,PHI,2026-09-07T22:13:04Z
4,Morning Chuba 4,1A,LAC,2026-09-01T18:50:05Z
4,WZKB 4,1A,MIN,2026-09-06T17:00:44Z
4,AssKickers 4,1A,PIT,2026-09-12T18:03:28Z
4,Fielder 4,1A,JAX,2026-09-09T21:18:55Z
4,JEG#1 4,1A,LAC,2026-09-10T19:03:32Z
4,Doug Cook 4,1A,LAC,2026-08-28T20:42:01Z
4,PB -  jd/ct 4,1A,JAX,2026-09-09T03:24:24Z
4,Bob & Jackie 4,1A,ATL,2026-09-09T22:44:36Z
4,Aidan O'Hara 4,1A,BUF,2026-09-13T16:20:27Z
4,BigCat#30 - 4,1A,LV,2026-08-30T07:36:56Z
4,Karl Havoc 4,1A,PIT,2026-09-13T12:16:31Z
4,TG94 4,1A,PIT,2026-08-31T14:09:29Z
4,Skooter 4,1A,ATL,2026-08-31T19:32:26Z
4,Garner 4,1A,CHI,2026-09-04T13:27:03Z
4,JFerrell 4,1A,LAC,2026-09-01T01:15:05Z
4,BCAT 4,1A,PHI,2026-09-01T00:46:02Z
4,The Rocket 4,1A,JAX,2026-09-01T00:55:52Z
4,Nube 4,1A,JAX,2026-09-03T18:17:14Z
4,BS 4,1A,JAX,2026-09-01T03:01:44Z
4,GWhite 4,1A,LAC,2026-09-08T12:58:18Z
4,CWHITE 4,1A,PIT,2026-09-13T12:20:22Z
4,BLURRS 4,1A,LV,2026-09-04T15:06:09Z
4,Randall_R 4,1A,JAX,2026-09-01T15:42:58Z
4,a.schneck 4,1A,TEN,2026-09-07T03:58:51Z
4,Raider Haters 4,1A,JAX,2026-09-13T02:33:17Z
4,Foost26 4,1A,JAX,2026-09-06T23:48:21Z
4,Savage outdoors 4,1A,DET,2026-09-02T00:32:13Z
4,colorado_viking 4,1A,TEN,2026-09-09T10:34:02Z
4,Tim Kost 4,1A,DET,2026-09-07T14:41:57Z
4,CTaylor 4,1A,JAX,2026-09-02T17:48:22Z
4,Jake’s Irish 4,1A,PIT,2026-09-02T17:52:43Z
4,Ray LaMarca 4,1A,LAC,2026-09-02T23:02:54Z
4,Homeslice 4,1A,DET,2026-09-02T22:09:05Z
4,The Hip 4,1A,LV,2026-09-03T14:05:58Z
4,AJ 4,1A,DET,2026-09-03T15:07:02Z
4,Tamasi 4,1A,JAX,2026-09-10T12:24:29Z
4,BadaBehm 4,1A,LV,2026-09-09T15:11:29Z
4,Sathre 4,1A,PIT,2026-09-08T20:50:49Z
4,A.K.A. King Gio 4,1A,LAC,2026-09-13T05:55:53Z
4,.buckle up 4,1A,JAX,2026-09-08T13:30:03Z
4,Simanek 4,1A,LAC,2026-09-04T12:14:53Z
4,lance manion 4,1A,CIN,2026-09-09T23:53:32Z
4,tchristl 4,1A,TEN,2026-09-04T15:54:50Z
4,SJU 4,1A,JAX,2026-09-09T13:09:37Z
4,Skidmark 4,1A,LAC,2026-09-04T18:31:23Z
4,Unregulated 4,1A,LV,2026-09-08T17:28:52Z
4,TommyGun 4,1A,JAX,2026-09-09T13:22:29Z
4,OMB 4,1A,PIT,2026-09-04T16:38:42Z
4,RabidGophers 4,1A,IND,2026-09-13T14:30:21Z
4,Liamo 4,1A,JAX,2026-09-09T16:40:17Z
4,CJ2 4,1A,LV,2026-09-08T22:48:01Z
4,Halftrack 4,1A,CHI,2026-09-12T15:45:49Z
4,MrOct20 4,1A,DET,2026-09-07T03:23:28Z
4,jfkhyland 4,1A,LAC,2026-09-08T02:22:52Z
4,Jon Swanson 4,1A,JAX,2026-09-13T05:40:45Z
4,Tolly 4,1A,JAX,2026-09-09T14:18:10Z
4,Travis K 4,1A,LV,2026-09-08T13:28:40Z
4,The Dark Knights 4,1A,TEN,2026-09-12T20:50:24Z
4,slyoss 4,1A,LAC,2026-09-07T18:21:28Z
4,TJB 4,1A,LAC,2026-09-08T02:59:59Z
4,Rhodekill 4,1A,CHI,2026-09-09T02:29:43Z
4,A.Lewis 4,1A,JAX,2026-09-09T03:22:26Z
4,Mal 4,1A,LV,2026-09-07T06:01:39Z
4,Trevor Caliebe 4,1A,PIT,2026-09-13T15:54:07Z
4,MikeM 4,1A,JAX,2026-09-09T13:15:57Z
4,Luke K 4,1A,LV,2026-09-07T12:53:43Z
4,yogi 1 4,1A,LAC,2026-09-13T14:04:41Z
4,ryan miller 4,1A,PIT,2026-09-13T07:05:25Z
4,BillsMafiaJA17 4,1A,JAX,2026-09-07T18:03:49Z
4,AndrewL 4,1A,LAC,2026-09-07T19:22:24Z
4,The Tavern 4,1A,PIT,2026-09-12T13:01:14Z
4,.ZF 4,1A,ARI,2026-09-07T19:29:05Z
4,Early Exit 4,1A,JAX,2026-09-07T21:48:56Z
4,Cryan 4,1A,LAC,2026-09-12T01:18:04Z
4,akahn 4,1A,PIT,2026-09-09T23:14:17Z
4,CSmith311 4,1A,DET,2026-09-10T16:02:45Z
4,Tetlow 4,1A,LAC,2026-09-08T00:27:49Z
4,darcyvikinggirl 4,1A,LAC,2026-09-08T01:23:13Z
4,Shot to the Chops 4,1A,JAX,2026-09-08T01:24:25Z
4,Mike Egan 4,1A,LAC,2026-09-08T01:36:09Z
4,Steiger Family 4,1A,LAC,2026-09-08T14:18:34Z
4,Dennis/Sheik 4,1A,LV,2026-09-11T04:19:36Z
4,Sheik/Dennis 4,1A,PHI,2026-09-11T16:01:41Z
4,Kim 4,1A,PIT,2026-09-08T02:27:35Z
4,Jacob Kost 4,1A,LAC,2026-09-08T06:25:59Z
4,Theo G 4,1A,MIA,2026-09-13T13:25:15Z
4,JohnD 4,1A,NYJ,2026-09-13T14:31:12Z
4,Clarkesworld 4,1A,LAC,2026-09-08T11:45:21Z
4,Team Callipygian 4,1A,JAX,2026-09-09T00:34:08Z
4,Jobu's Rum 4,1A,LAC,2026-09-08T13:24:19Z
4,Sherlock 4,1A,LAC,2026-09-08T14:14:41Z
4,Kraigisley 4,1A,LAC,2026-09-08T22:14:26Z
4,bjoachim 4,1A,LAC,2026-09-08T15:20:32Z
4,Jahoobies 4,1A,BAL,2026-09-08T15:21:24Z
4,Grandview Zebras 4,1A,JAX,2026-09-08T15:34:33Z
4,The Committee 4,1A,DET,2026-09-13T03:37:52Z
4,Dave LaFond 4,1A,DET,2026-09-13T16:27:06Z
4,Fish1013Sr 4,1A,PHI,2026-09-08T17:21:38Z
4,Jonathan F 4,1A,LAC,2026-09-08T18:46:15Z
4,Nick Latzke 4,1A,LAC,2026-09-08T19:35:36Z
4,Thakur 4,1A,PIT,2026-09-08T19:37:48Z
4,James @Oakside 4,1A,LAC,2026-09-08T20:33:06Z
4,Megs 4,1A,CLE,2026-09-08T20:45:31Z
4,Balls-less Walz 4,1A,DET,2026-09-08T20:53:44Z
4,Nick Hayes 4,1A,PIT,2026-09-13T15:35:07Z
4,Jokes Sean Can't Take: 4,1A,LV,2026-09-13T04:16:19Z
4,YOURFACE 4,1A,MIN,2026-09-08T23:00:58Z
4,MyMercedes 4,1A,DAL,2026-09-11T04:17:32Z
4,JEnerson 4,1A,PIT,2026-09-09T00:09:50Z
4,R.Sprad 4,1A,LV,2026-09-11T14:56:22Z
4,bprochaska 4,1A,PHI,2026-09-09T01:44:35Z
4,Lay The Points 4,1A,LAC,2026-09-09T02:22:13Z
4,Gina Nelson 4,1A,DET,2026-09-09T03:38:37Z
4,Schippy 4,1A,LAC,2026-09-09T04:39:21Z
4,Troy Michaels 4,1A,JAX,2026-09-13T15:58:14Z
4,Bennyboy 4,1A,TEN,2026-09-09T05:59:13Z
4,laruffa 4,1A,TEN,2026-09-09T09:02:20Z
4,Show Pony 4,1A,JAX,2026-09-13T15:01:41Z
4,Tyler O 4,1A,LAC,2026-09-09T20:56:23Z
4,Travis Swift 4,1A,JAX,2026-09-09T13:15:00Z
4,RevengeoftheMahomes 4,1A,LV,2026-09-13T15:24:50Z
4,Ryan S 4,1A,LAR,2026-09-09T14:21:20Z
4,Mash Buttatoes 4,1A,PIT,2026-09-09T14:32:25Z
4,Titzer 4,1A,DET,2026-09-09T16:38:19Z
4,G unit 4,1A,LV,2026-09-09T16:19:01Z
4,TyshawnLebron 4,1A,CHI,2026-09-09T17:52:49Z
4,Phi43 4,1A,TEN,2026-09-13T13:39:03Z
4,Witzee 4,1A,TEN,2026-09-10T20:31:49Z
4,jfleeck 4,1A,LV,2026-09-10T14:46:46Z
4,DutchOven 4,1A,DET,2026-09-09T21:52:02Z
4,FredG 4,1A,LV,2026-09-09T19:41:38Z
4,Benbewinning 4,1A,PHI,2026-09-09T20:16:29Z
4,NJV 4,1A,CIN,2026-09-09T22:37:01Z
4,Half Pint Hagen 4,1A,BAL,2026-09-09T20:42:46Z
4,AndrewJ 4,1A,LAC,2026-09-09T22:50:14Z
4,Zweber 4,1A,PIT,2026-09-12T22:28:21Z
4,Big Blue 4,1A,PHI,2026-09-09T23:38:34Z
4,Homeyjoe 4,1A,LAR,2026-09-09T23:54:06Z
4,Jordan Dvorak 4,1A,PHI,2026-09-10T00:05:48Z
4,MandB 4,1A,PIT,2026-09-12T17:47:56Z
4,Terhune 4,1A,LAC,2026-09-13T15:35:47Z
4,AShores88 4,1A,DET,2026-09-10T00:35:00Z
4,Shores 4,1A,PHI,2026-09-10T00:38:39Z
4,Jake Bazella 4,1A,DET,2026-09-10T00:55:18Z
4,WeRunSolo 4,1A,PIT,2026-09-10T01:44:30Z
4,Spoonman 4,1A,JAX,2026-09-13T13:55:12Z
4,Coates55 4,1A,PIT,2026-09-13T15:05:10Z
4,DonHollywood 4,1A,LAC,2026-09-10T08:34:43Z
4,DirtyBirdie 4,1A,JAX,2026-09-10T12:47:49Z
4,sdanciak 4,1A,PHI,2026-09-10T14:13:13Z
4,Victor D 4,1A,PHI,2026-09-10T19:14:47Z
4,BDvorak 4,1A,PHI,2026-09-10T22:28:38Z
4,Nschram 4,1A,JAX,2026-09-13T00:33:09Z
4,Steve Demy 4,1A,DET,2026-09-11T22:17:58Z
4,Cat 4,1A,PIT,2026-09-13T12:58:33Z
4,Swarner 4,1A,PIT,2026-09-12T18:46:28Z
4,Rsmart 4,1A,LAC,2026-09-12T19:57:06Z
4,BERP 4,1A,JAX,2026-09-13T00:16:49Z
4,RJRT 4,1A,NYJ,2026-09-13T16:36:14Z
4,Berns Bags and Friends 4,1A,PIT,2026-09-13T02:51:16Z
4,-EV. 4,1A,LAC,2026-09-13T03:33:46Z
4,Dang 4,1A,LV,2026-09-13T12:44:16Z
4,Old Gregg 4,1A,TEN,2026-09-13T12:44:54Z
4,Mabel Miranda 4,1A,JAX,2026-09-13T13:00:20Z
4,enerson413 4,1A,DET,2026-09-13T13:07:16Z
4,Showtime 4,1A,PIT,2026-09-13T16:33:11Z
4,Papa Funk 1 4,1A,PIT,2026-09-13T14:10:57Z
4,Yosemite Sam 4,1A,LV,2026-09-13T14:37:48Z
4,Brian Hanson 4,1A,PIT,2026-09-13T15:45:12Z
4,Greg Lau 4,1A,LV,2026-09-13T15:44:20Z
4,Matty Ice 4,1A,LV,2026-09-13T15:47:01Z
4,It's Our Time 4,1A,JAX,2026-09-13T15:59:28Z
4,Val Estrada 4,1A,PIT,2026-09-13T16:07:41Z
4,Show me your TDs 4,1A,LAC,2026-09-13T16:26:10Z
4,Skol to the Bowl 4,1A,LAC,2026-09-13T16:52:51Z
4,JCG 4,1A,DAL,2026-09-13T17:01:46Z
4,Cecil G 4,1A,DAL,2026-09-13T18:28:26Z
4,Pooter 4,1A,LV,2026-09-13T18:43:30Z
4,Proasscoach 4,1A,LAC,2026-09-13T20:10:17Z
5,Stow 5,1A,LAC,2026-09-09T14:18:10Z
5,BossHogg 5,1A,PIT,2026-09-12T23:06:00Z
5,Dobolicious 5,1A,LAC,2026-08-26T01:28:40Z
5,QueenJoanie 5,1A,LV,2026-08-23T06:57:55Z
5,Larry Hess 5,1A,LAC,2026-08-23T20:08:29Z
5,Oki 5,1A,PHI,2026-09-09T21:47:13Z
5,Tim The Enchanter 5,1A,LV,2026-08-24T00:31:38Z
5,RobbyMcRobface 5,1A,BAL,2026-09-08T22:33:01Z
5,Chronos 5,1A,GB,2026-08-23T23:25:03Z
5,Robert Dean 5,1A,PIT,2026-09-08T22:07:06Z
5,HSJL 5,1A,PIT,2026-09-12T22:02:39Z
5,Scoots28 5,1A,PIT,2026-09-11T22:58:10Z
5,Masterdeflater 5,1A,BUF,2026-09-04T19:45:07Z
5,sweat hogs 5,1A,JAX,2026-09-12T23:15:39Z
5,Muskhogeans 5,1A,PHI,2026-09-12T23:16:42Z
5,shogi 5,1A,LV,2026-09-12T23:17:49Z
5,Merril Hoge 5,1A,DET,2026-09-12T23:19:23Z
5,orthogonal 5,1A,TEN,2026-09-12T23:20:15Z
5,Nicks picks 5,1A,DAL,2026-09-13T03:45:43Z
5,Number 9 5,1A,ARI,2026-08-30T20:27:00Z
5,KC Wildcats 5,1A,CIN,2026-08-24T12:44:01Z
5,Mitch's Maniacs 5,1A,TEN,2026-08-25T01:29:17Z
5,Bottom Feeder 5,1A,CIN,2026-08-30T13:37:04Z
5,CoorsBanquet 5,1A,ARI,2026-09-06T00:09:27Z
5,FishKing17 5,1A,LAC,2026-08-31T18:00:25Z
5,X-Ray 5,1A,PHI,2026-09-13T16:47:19Z
5,Drago 5,1A,NYJ,2026-09-09T01:19:53Z
5,.PALMER 5,1A,LAC,2026-08-24T18:32:54Z
5,DCloud 5,1A,JAX,2026-08-24T18:48:43Z
5,iwasatthesswift-kelcewedding 5,1A,PIT,2026-09-08T19:47:37Z
5,Lep 5,1A,LAC,2026-08-24T19:08:08Z
5,CGully 5,1A,DET,2026-09-04T18:47:16Z
5,Halvey 5,1A,PIT,2026-09-10T20:36:07Z
5,Eastside 17 5,1A,JAX,2026-09-08T23:56:28Z
5,Greenlun 5,1A,LAC,2026-09-03T20:54:25Z
5,danohara 5,1A,PHI,2026-09-09T14:10:23Z
5,Schwing 5,1A,LAC,2026-09-01T22:45:03Z
5,Hain 5,1A,NYJ,2026-09-09T00:36:59Z
5,Jacob Goergen 5,1A,PHI,2026-09-04T15:44:21Z
5,Alex Allen 5,1A,LAC,2026-09-13T02:56:49Z
5,ThisIsTheYear 5,1A,CHI,2026-08-26T12:40:10Z
5,The Lock of the Week 5,1A,DET,2026-08-25T20:36:31Z
5,One Pump Love & Dump 5,1A,PIT,2026-08-26T14:51:41Z
5,TonerPirates 5,1A,LAC,2026-09-06T18:45:54Z
5,Redgem 5,1A,JAX,2026-09-09T15:26:18Z
5,IBian 5,1A,LV,2026-08-26T15:36:05Z
5,Psorensen 5,1A,JAX,2026-09-09T02:29:10Z
5,SkolVikes 5,1A,DAL,2026-09-08T15:13:07Z
5,Tony G 5,1A,CHI,2026-08-27T21:26:58Z
5,Mongoose 5,1A,LAR,2026-08-27T21:44:13Z
5,Fletch 5,1A,LAC,2026-09-07T22:13:11Z
5,Morning Chuba 5,1A,LAC,2026-09-01T18:50:08Z
5,WZKB 5,1A,PIT,2026-09-06T17:01:02Z
5,Fielder 5,1A,PIT,2026-09-09T21:19:20Z
5,JEG#1 5,1A,TEN,2026-09-10T19:03:44Z
5,Doug Cook 5,1A,TEN,2026-08-28T20:42:26Z
5,PB -  jd/ct 5,1A,LV,2026-09-09T03:25:09Z
5,Aidan O'Hara 5,1A,NYJ,2026-09-13T16:21:33Z
5,BigCat#30 - 5,1A,LV,2026-08-30T07:37:11Z
5,Karl Havoc 5,1A,LAC,2026-09-13T12:20:41Z
5,Garner 5,1A,CIN,2026-09-04T13:33:42Z
5,JFerrell 5,1A,LAC,2026-09-01T01:15:14Z
5,BCAT 5,1A,PHI,2026-09-01T00:47:26Z
5,The Rocket 5,1A,LAR,2026-09-01T00:56:01Z
5,Nube 5,1A,JAX,2026-09-03T18:17:49Z
5,BS 5,1A,JAX,2026-09-01T03:01:50Z
5,GWhite 5,1A,LV,2026-09-08T12:58:27Z
5,CWHITE 5,1A,DET,2026-09-06T16:50:52Z
5,Randall_R 5,1A,JAX,2026-09-01T15:43:01Z
5,Raider Haters 5,1A,JAX,2026-09-13T02:33:22Z
5,Foost26 5,1A,JAX,2026-09-06T23:48:57Z
5,Savage outdoors 5,1A,MIN,2026-09-02T00:32:22Z
5,colorado_viking 5,1A,TEN,2026-09-09T10:34:05Z
5,Tim Kost 5,1A,JAX,2026-09-07T14:41:59Z
5,CTaylor 5,1A,CLE,2026-09-02T17:48:27Z
5,Jake’s Irish 5,1A,JAX,2026-09-02T17:53:13Z
5,Homeslice 5,1A,JAX,2026-09-02T22:09:20Z
5,AJ 5,1A,JAX,2026-09-03T15:07:11Z
5,Tamasi 5,1A,PHI,2026-09-10T12:24:36Z
5,BadaBehm 5,1A,LV,2026-09-09T15:11:03Z
5,A.K.A. King Gio 5,1A,DAL,2026-09-13T05:56:00Z
5,.buckle up 5,1A,PIT,2026-09-11T03:30:42Z
5,Simanek 5,1A,DET,2026-09-04T12:15:09Z
5,lance manion 5,1A,PIT,2026-09-09T00:47:04Z
5,SJU 5,1A,LAC,2026-09-09T18:03:16Z
5,Skidmark 5,1A,NYJ,2026-09-08T19:42:53Z
5,Unregulated 5,1A,LAC,2026-09-08T17:28:59Z
5,TommyGun 5,1A,PHI,2026-09-06T15:39:13Z
5,OMB 5,1A,PIT,2026-09-04T16:38:45Z
5,RabidGophers 5,1A,BUF,2026-09-13T14:30:34Z
5,Liamo 5,1A,LAC,2026-09-09T16:40:30Z
5,CJ2 5,1A,CHI,2026-09-13T14:18:17Z
5,MrOct20 5,1A,CLE,2026-09-07T03:23:13Z
5,jfkhyland 5,1A,LAC,2026-09-08T02:22:57Z
5,Jon Swanson 5,1A,LAC,2026-09-13T05:40:56Z
5,Tolly 5,1A,LAC,2026-09-09T14:18:10Z
5,Travis K 5,1A,LAC,2026-09-06T16:29:32Z
5,slyoss 5,1A,LAC,2026-09-07T18:21:29Z
5,TJB 5,1A,PIT,2026-09-11T02:59:52Z
5,Rhodekill 5,1A,PIT,2026-09-09T02:23:29Z
5,A.Lewis 5,1A,MIA,2026-09-09T03:23:12Z
5,Mal 5,1A,DET,2026-09-07T06:01:47Z
5,Trevor Caliebe 5,1A,PIT,2026-09-13T15:54:17Z
5,MikeM 5,1A,JAX,2026-09-09T13:15:59Z
5,yogi 1 5,1A,PHI,2026-09-13T14:06:27Z
5,ryan miller 5,1A,CHI,2026-09-13T07:05:29Z
5,BillsMafiaJA17 5,1A,JAX,2026-09-07T18:03:54Z
5,AndrewL 5,1A,LAC,2026-09-07T19:22:26Z
5,The Tavern 5,1A,PIT,2026-09-12T13:01:21Z
5,Early Exit 5,1A,PIT,2026-09-07T21:49:27Z
5,Cryan 5,1A,LAC,2026-09-12T01:18:44Z
5,akahn 5,1A,LAC,2026-09-07T23:23:16Z
5,CSmith311 5,1A,DET,2026-09-10T16:02:49Z
5,Tetlow 5,1A,PHI,2026-09-08T00:28:00Z
5,darcyvikinggirl 5,1A,LAC,2026-09-08T01:23:21Z
5,Shot to the Chops 5,1A,JAX,2026-09-08T01:24:35Z
5,Mike Egan 5,1A,LAC,2026-09-08T01:36:19Z
5,Steiger Family 5,1A,DET,2026-09-09T11:59:18Z
5,Kim 5,1A,LAR,2026-09-08T02:27:50Z
5,Theo G 5,1A,LV,2026-09-09T13:12:59Z
5,JohnD 5,1A,LAC,2026-09-12T15:36:31Z
5,Clarkesworld 5,1A,LAC,2026-09-08T11:45:28Z
5,Team Callipygian 5,1A,JAX,2026-09-12T14:27:56Z
5,Jobu's Rum 5,1A,JAX,2026-09-08T13:24:31Z
5,Sherlock 5,1A,LV,2026-09-08T14:15:04Z
5,bjoachim 5,1A,JAX,2026-09-08T15:20:54Z
5,Jahoobies 5,1A,DET,2026-09-08T15:21:28Z
5,Grandview Zebras 5,1A,JAX,2026-09-08T15:34:39Z
5,The Committee 5,1A,PIT,2026-09-13T03:37:59Z
5,Dave LaFond 5,1A,PHI,2026-09-13T16:27:34Z
5,Fish1013Sr 5,1A,LAC,2026-09-08T17:21:59Z
5,Jonathan F 5,1A,NYG,2026-09-08T18:46:32Z
5,Nick Latzke 5,1A,LAC,2026-09-08T19:35:40Z
5,Thakur 5,1A,LAC,2026-09-08T19:37:57Z
5,James @Oakside 5,1A,JAX,2026-09-08T20:33:14Z
5,Nick Hayes 5,1A,LAC,2026-09-13T15:37:26Z
5,Jokes Sean Can't Take: 5,1A,DET,2026-09-13T04:17:16Z
5,YOURFACE 5,1A,LAC,2026-09-08T23:01:10Z
5,MyMercedes 5,1A,PHI,2026-09-11T04:15:33Z
5,R.Sprad 5,1A,DET,2026-09-09T01:11:14Z
5,bprochaska 5,1A,TEN,2026-09-09T01:46:47Z
5,Gina Nelson 5,1A,BAL,2026-09-09T03:39:05Z
5,Schippy 5,1A,PIT,2026-09-09T04:39:29Z
5,Troy Michaels 5,1A,PIT,2026-09-13T15:59:54Z
5,Bennyboy 5,1A,SEA,2026-09-09T05:59:19Z
5,laruffa 5,1A,DET,2026-09-09T09:02:28Z
5,Show Pony 5,1A,PHI,2026-09-13T15:01:48Z
5,Travis Swift 5,1A,LAC,2026-09-09T13:15:16Z
5,RevengeoftheMahomes 5,1A,DET,2026-09-13T15:27:05Z
5,Ryan S 5,1A,PHI,2026-09-09T14:21:41Z
5,Mash Buttatoes 5,1A,DET,2026-09-09T14:32:34Z
5,Titzer 5,1A,PHI,2026-09-09T16:38:34Z
5,G unit 5,1A,PIT,2026-09-09T16:19:29Z
5,TyshawnLebron 5,1A,PHI,2026-09-09T22:09:48Z
5,Witzee 5,1A,LV,2026-09-10T20:32:06Z
5,jfleeck 5,1A,LAC,2026-09-10T14:46:54Z
5,DutchOven 5,1A,CIN,2026-09-09T21:52:34Z
5,FredG 5,1A,LAC,2026-09-09T19:41:43Z
5,NJV 5,1A,NYJ,2026-09-09T22:38:21Z
5,Half Pint Hagen 5,1A,JAX,2026-09-09T20:42:54Z
5,Zweber 5,1A,PHI,2026-09-12T22:28:29Z
5,Big Blue 5,1A,PIT,2026-09-09T23:39:16Z
5,Jordan Dvorak 5,1A,LAR,2026-09-10T00:05:57Z
5,MandB 5,1A,LAC,2026-09-12T17:48:52Z
5,Terhune 5,1A,JAX,2026-09-13T15:43:36Z
5,AShores88 5,1A,JAX,2026-09-10T00:35:24Z
5,Shores 5,1A,LAC,2026-09-10T00:38:45Z
5,WeRunSolo 5,1A,TEN,2026-09-10T01:44:48Z
5,Spoonman 5,1A,PHI,2026-09-13T13:56:12Z
5,Coates55 5,1A,PIT,2026-09-13T15:05:42Z
5,DonHollywood 5,1A,JAX,2026-09-10T08:34:50Z
5,DirtyBirdie 5,1A,LAC,2026-09-10T12:47:59Z
5,sdanciak 5,1A,NYG,2026-09-10T14:14:44Z
5,Victor D 5,1A,PIT,2026-09-10T19:15:35Z
5,BDvorak 5,1A,LAC,2026-09-10T22:28:45Z
5,Nschram 5,1A,PIT,2026-09-13T00:33:34Z
5,Steve Demy 5,1A,JAX,2026-09-11T22:18:03Z
5,Swarner 5,1A,JAX,2026-09-12T18:46:42Z
5,Rsmart 5,1A,PHI,2026-09-12T19:58:02Z
5,RJRT 5,1A,LV,2026-09-13T16:36:30Z
5,Berns Bags and Friends 5,1A,PIT,2026-09-13T02:51:20Z
5,-EV. 5,1A,DET,2026-09-13T03:34:18Z
5,Old Gregg 5,1A,LV,2026-09-13T12:45:06Z
5,Mabel Miranda 5,1A,DET,2026-09-13T13:00:26Z
5,Showtime 5,1A,MIA,2026-09-13T16:33:18Z
5,Papa Funk 1 5,1A,PIT,2026-09-13T14:11:11Z
5,Greg Lau 5,1A,ARI,2026-09-13T15:44:45Z
5,Matty Ice 5,1A,JAX,2026-09-13T16:58:51Z
5,It's Our Time 5,1A,NYJ,2026-09-13T16:00:41Z
5,Show me your TDs 5,1A,PHI,2026-09-13T16:26:39Z
5,Skol to the Bowl 5,1A,PIT,2026-09-13T16:53:55Z
5,Revenge of the Vrabes 5,1A,PHI,2026-09-13T16:57:13Z
5,JCG 5,1A,LAC,2026-09-13T17:01:56Z
5,Cat 5,1A,LV,2026-09-13T19:04:23Z
5,Proasscoach 5,1A,LV,2026-09-13T20:10:25Z
6,Stow 6,1A,LAC,2026-09-09T14:18:10Z
6,BossHogg 6,1A,PIT,2026-09-12T23:06:03Z
6,Dobolicious 6,1A,DAL,2026-08-26T01:28:52Z
6,Larry Hess 6,1A,JAX,2026-08-23T20:08:44Z
6,Oki 6,1A,PHI,2026-09-09T21:47:15Z
6,Chronos 6,1A,JAX,2026-08-23T23:25:46Z
6,Robert Dean 6,1A,CIN,2026-09-08T22:07:23Z
6,HSJL 6,1A,LAC,2026-09-13T00:09:50Z
6,Scoots28 6,1A,PIT,2026-09-11T22:58:16Z
6,sweat hogs 6,1A,JAX,2026-09-12T23:15:44Z
6,Muskhogeans 6,1A,PHI,2026-09-12T23:16:47Z
6,shogi 6,1A,LAC,2026-09-12T23:17:53Z
6,Merril Hoge 6,1A,PIT,2026-09-12T23:19:29Z
6,orthogonal 6,1A,TEN,2026-09-12T23:20:19Z
6,Nicks picks 6,1A,DAL,2026-09-13T03:45:49Z
6,Number 9 6,1A,SEA,2026-08-30T20:27:28Z
6,FishKing17 6,1A,CHI,2026-08-31T18:00:37Z
6,X-Ray 6,1A,PIT,2026-09-13T16:47:32Z
6,.PALMER 6,1A,LAC,2026-08-24T18:32:57Z
6,Lep 6,1A,LAC,2026-08-24T19:08:14Z
6,Eastside 17 6,1A,LAC,2026-09-08T23:56:35Z
6,Greenlun 6,1A,LAC,2026-09-03T20:54:32Z
6,danohara 6,1A,LAC,2026-09-09T14:10:42Z
6,Schwing 6,1A,LAC,2026-09-01T22:45:10Z
6,One Pump Love & Dump 6,1A,PHI,2026-08-26T14:51:48Z
6,Redgem 6,1A,JAX,2026-09-09T15:26:20Z
6,IBian 6,1A,LV,2026-08-26T15:36:07Z
6,Psorensen 6,1A,JAX,2026-09-09T02:29:11Z
6,Tony G 6,1A,PIT,2026-08-27T21:27:05Z
6,Fletch 6,1A,PIT,2026-09-07T22:13:24Z
6,Morning Chuba 6,1A,LAC,2026-09-01T18:50:12Z
6,WZKB 6,1A,PHI,2026-09-06T17:01:29Z
6,JEG#1 6,1A,MIN,2026-09-10T19:04:08Z
6,PB -  jd/ct 6,1A,DET,2026-09-09T11:59:02Z
6,Aidan O'Hara 6,1A,NYJ,2026-09-13T16:21:42Z
6,BigCat#30 - 6,1A,PIT,2026-09-13T16:28:06Z
6,Karl Havoc 6,1A,LAC,2026-09-13T12:20:49Z
6,BS 6,1A,JAX,2026-09-01T03:01:57Z
6,Randall_R 6,1A,DET,2026-09-01T15:43:03Z
6,Savage outdoors 6,1A,PIT,2026-09-02T00:32:32Z
6,colorado_viking 6,1A,MIN,2026-09-09T10:34:46Z
6,Tim Kost 6,1A,LAC,2026-09-07T14:42:01Z
6,CTaylor 6,1A,GB,2026-09-02T17:48:39Z
6,Jake’s Irish 6,1A,LV,2026-09-02T17:53:55Z
6,Homeslice 6,1A,JAX,2026-09-02T22:09:49Z
6,Tamasi 6,1A,LAC,2026-09-10T12:24:47Z
6,A.K.A. King Gio 6,1A,CIN,2026-09-13T05:56:05Z
6,.buckle up 6,1A,DET,2026-09-08T02:17:08Z
6,Simanek 6,1A,TEN,2026-09-04T12:15:18Z
6,SJU 6,1A,PIT,2026-09-09T13:11:09Z
6,Skidmark 6,1A,LV,2026-09-04T18:34:17Z
6,OMB 6,1A,LV,2026-09-04T16:38:54Z
6,RabidGophers 6,1A,JAX,2026-09-13T14:30:44Z
6,Liamo 6,1A,LAC,2026-09-09T16:40:34Z
6,Tolly 6,1A,LAC,2026-09-09T14:18:10Z
6,slyoss 6,1A,LAC,2026-09-07T18:21:31Z
6,A.Lewis 6,1A,BUF,2026-09-09T03:23:27Z
6,Mal 6,1A,JAX,2026-09-07T06:02:00Z
6,Trevor Caliebe 6,1A,PIT,2026-09-13T15:54:34Z
6,ryan miller 6,1A,JAX,2026-09-13T07:05:34Z
6,BillsMafiaJA17 6,1A,DET,2026-09-07T18:04:51Z
6,AndrewL 6,1A,DET,2026-09-07T19:23:07Z
6,The Tavern 6,1A,JAX,2026-09-12T13:01:26Z
6,CSmith311 6,1A,JAX,2026-09-10T16:05:40Z
6,darcyvikinggirl 6,1A,LAC,2026-09-08T01:23:26Z
6,Shot to the Chops 6,1A,SEA,2026-09-08T01:24:47Z
6,Steiger Family 6,1A,LV,2026-09-08T18:16:27Z
6,JohnD 6,1A,PIT,2026-09-12T16:40:58Z
6,Clarkesworld 6,1A,DET,2026-09-08T11:46:06Z
6,Team Callipygian 6,1A,PHI,2026-09-12T14:29:29Z
6,Sherlock 6,1A,LV,2026-09-08T14:15:06Z
6,bjoachim 6,1A,JAX,2026-09-08T15:20:58Z
6,Grandview Zebras 6,1A,JAX,2026-09-08T15:34:44Z
6,The Committee 6,1A,TEN,2026-09-13T03:40:05Z
6,Dave LaFond 6,1A,CHI,2026-09-13T16:27:57Z
6,Nick Latzke 6,1A,LAC,2026-09-08T19:35:45Z
6,YOURFACE 6,1A,DAL,2026-09-08T23:01:20Z
6,Gina Nelson 6,1A,PIT,2026-09-09T03:39:19Z
6,Schippy 6,1A,LAC,2026-09-09T04:39:34Z
6,Troy Michaels 6,1A,CIN,2026-09-13T16:00:59Z
6,Bennyboy 6,1A,BAL,2026-09-09T05:59:35Z
6,laruffa 6,1A,CHI,2026-09-09T09:02:36Z
6,Show Pony 6,1A,PHI,2026-09-13T15:01:59Z
6,Mash Buttatoes 6,1A,PHI,2026-09-09T14:32:43Z
6,Titzer 6,1A,LV,2026-09-09T16:38:51Z
6,James @Oakside 6,1A,LV,2026-09-09T16:10:55Z
6,G unit 6,1A,PHI,2026-09-09T16:19:50Z
6,Witzee 6,1A,MIN,2026-09-10T20:32:20Z
6,DutchOven 6,1A,CIN,2026-09-09T21:52:39Z
6,Half Pint Hagen 6,1A,LAC,2026-09-09T20:42:58Z
6,Jordan Dvorak 6,1A,CHI,2026-09-10T00:06:52Z
6,MandB 6,1A,BAL,2026-09-12T17:51:43Z
6,Shores 6,1A,JAX,2026-09-10T00:39:13Z
6,Coates55 6,1A,LAC,2026-09-13T15:06:44Z
6,Steve Demy 6,1A,LAC,2026-09-11T22:18:08Z
6,Swarner 6,1A,JAX,2026-09-12T18:46:52Z
6,Berns Bags and Friends 6,1A,PIT,2026-09-13T02:51:23Z
6,Raider Haters 6,1A,LV,2026-09-13T11:36:22Z
6,Old Gregg 6,1A,LV,2026-09-13T12:45:12Z
6,Mabel Miranda 6,1A,DET,2026-09-13T13:00:29Z
6,Showtime 6,1A,LAC,2026-09-13T14:08:54Z
6,Matty Ice 6,1A,PIT,2026-09-13T16:59:32Z
6,Show me your TDs 6,1A,JAX,2026-09-13T16:26:59Z
6,Proasscoach 6,1A,LV,2026-09-13T20:10:35Z
7,Stow 7,1A,LAC,2026-09-09T14:18:10Z
7,BossHogg 7,1A,PIT,2026-09-12T23:06:05Z
7,Dobolicious 7,1A,CIN,2026-08-26T01:29:01Z
7,Larry Hess 7,1A,DET,2026-08-23T20:08:47Z
7,Oki 7,1A,PIT,2026-09-13T03:20:17Z
7,Chronos 7,1A,BAL,2026-08-24T03:56:25Z
7,Robert Dean 7,1A,TEN,2026-09-08T22:08:40Z
7,HSJL 7,1A,LAC,2026-09-13T00:02:39Z
7,Scoots28 7,1A,JAX,2026-09-11T22:58:44Z
7,sweat hogs 7,1A,JAX,2026-09-12T23:15:49Z
7,Muskhogeans 7,1A,PHI,2026-09-12T23:16:53Z
7,shogi 7,1A,LAC,2026-09-12T23:17:59Z
7,Merril Hoge 7,1A,PIT,2026-09-12T23:19:34Z
7,orthogonal 7,1A,TEN,2026-09-12T23:20:25Z
7,Nicks picks 7,1A,CHI,2026-09-13T03:50:25Z
7,Number 9 7,1A,BAL,2026-09-09T03:41:06Z
7,FishKing17 7,1A,JAX,2026-08-31T18:01:50Z
7,X-Ray 7,1A,PIT,2026-09-13T16:47:41Z
7,.PALMER 7,1A,PIT,2026-08-24T18:33:05Z
7,Lep 7,1A,LAC,2026-08-24T19:08:20Z
7,Eastside 17 7,1A,MIN,2026-09-11T22:26:14Z
7,Greenlun 7,1A,LV,2026-09-03T20:54:50Z
7,danohara 7,1A,DET,2026-09-09T14:11:04Z
7,Schwing 7,1A,DET,2026-09-01T22:45:36Z
7,One Pump Love & Dump 7,1A,CHI,2026-09-04T15:17:40Z
7,IBian 7,1A,LV,2026-08-26T15:36:09Z
7,Tony G 7,1A,CIN,2026-08-27T21:27:09Z
7,Fletch 7,1A,LV,2026-09-07T22:13:34Z
7,Morning Chuba 7,1A,LAC,2026-09-01T18:50:20Z
7,WZKB 7,1A,LV,2026-09-06T17:01:46Z
7,JEG#1 7,1A,DAL,2026-09-10T19:18:54Z
7,PB -  jd/ct 7,1A,PIT,2026-09-09T11:59:37Z
7,Aidan O'Hara 7,1A,TEN,2026-09-13T16:21:46Z
7,BigCat#30 - 7,1A,PIT,2026-09-13T16:28:14Z
7,Karl Havoc 7,1A,LAC,2026-08-31T13:29:54Z
7,BS 7,1A,JAX,2026-09-01T03:02:02Z
7,Savage outdoors 7,1A,CHI,2026-09-02T00:32:42Z
7,colorado_viking 7,1A,MIN,2026-09-09T10:34:49Z
7,CTaylor 7,1A,PHI,2026-09-02T17:48:46Z
7,Jake’s Irish 7,1A,LAC,2026-09-02T17:54:10Z
7,Homeslice 7,1A,LAC,2026-09-02T22:10:22Z
7,A.K.A. King Gio 7,1A,DET,2026-09-13T05:56:13Z
7,.buckle up 7,1A,TEN,2026-09-08T13:29:35Z
7,Simanek 7,1A,PHI,2026-09-04T12:15:41Z
7,Skidmark 7,1A,JAX,2026-09-04T18:34:42Z
7,OMB 7,1A,LV,2026-09-04T16:38:55Z
7,Liamo 7,1A,DAL,2026-09-09T16:41:02Z
7,Tolly 7,1A,LAC,2026-09-09T14:18:10Z
7,slyoss 7,1A,LAC,2026-09-07T18:21:33Z
7,A.Lewis 7,1A,DAL,2026-09-09T03:23:53Z
7,Mal 7,1A,LAC,2026-09-07T06:02:04Z
7,ryan miller 7,1A,LV,2026-09-13T07:05:40Z
7,BillsMafiaJA17 7,1A,DET,2026-09-07T18:03:59Z
7,AndrewL 7,1A,DET,2026-09-07T19:23:09Z
7,The Tavern 7,1A,JAX,2026-09-12T13:01:30Z
7,CSmith311 7,1A,JAX,2026-09-10T16:05:45Z
7,darcyvikinggirl 7,1A,LAC,2026-09-08T01:23:31Z
7,Shot to the Chops 7,1A,SEA,2026-09-08T01:24:58Z
7,Steiger Family 7,1A,DET,2026-09-08T14:19:24Z
7,JohnD 7,1A,LV,2026-09-13T16:25:32Z
7,Clarkesworld 7,1A,PIT,2026-09-13T13:34:49Z
7,Team Callipygian 7,1A,JAX,2026-09-12T21:50:16Z
7,Sherlock 7,1A,LAC,2026-09-13T16:34:10Z
7,bjoachim 7,1A,JAX,2026-09-08T15:21:04Z
7,Grandview Zebras 7,1A,LAC,2026-09-08T15:34:50Z
7,The Committee 7,1A,MIN,2026-09-13T03:40:23Z
7,Dave LaFond 7,1A,TEN,2026-09-09T22:56:36Z
7,Nick Latzke 7,1A,LV,2026-09-08T19:40:01Z
7,Gina Nelson 7,1A,CHI,2026-09-09T03:39:26Z
7,Schippy 7,1A,TEN,2026-09-13T14:09:48Z
7,Troy Michaels 7,1A,PHI,2026-09-13T16:01:47Z
7,Bennyboy 7,1A,PIT,2026-09-09T05:59:47Z
7,laruffa 7,1A,PIT,2026-09-09T09:02:45Z
7,Show Pony 7,1A,CIN,2026-09-13T15:02:27Z
7,Mash Buttatoes 7,1A,CHI,2026-09-09T14:32:55Z
7,Titzer 7,1A,JAX,2026-09-09T16:52:38Z
7,G unit 7,1A,JAX,2026-09-09T16:19:58Z
7,Witzee 7,1A,LV,2026-09-10T16:27:25Z
7,DutchOven 7,1A,JAX,2026-09-09T21:52:46Z
7,Half Pint Hagen 7,1A,PIT,2026-09-09T20:43:02Z
7,Jordan Dvorak 7,1A,PHI,2026-09-10T00:07:11Z
7,Shores 7,1A,LAR,2026-09-10T00:39:19Z
7,Coates55 7,1A,JAX,2026-09-13T15:07:38Z
7,Steve Demy 7,1A,PIT,2026-09-11T23:30:18Z
7,Swarner 7,1A,LV,2026-09-12T18:47:50Z
7,Berns Bags and Friends 7,1A,PIT,2026-09-13T02:51:26Z
7,Raider Haters 7,1A,LV,2026-09-13T11:37:30Z
7,Old Gregg 7,1A,NYJ,2026-09-13T12:47:12Z
7,Mabel Miranda 7,1A,LAC,2026-09-13T13:00:42Z
7,Randall_R 7,1A,JAX,2026-09-13T13:44:12Z
7,Showtime 7,1A,DET,2026-09-13T14:09:05Z
7,Matty Ice 7,1A,MIA,2026-09-13T15:50:49Z
7,Proasscoach 7,1A,PHI,2026-09-13T20:10:51Z
8,Stow 8,1A,LAC,2026-09-09T14:18:10Z
8,BossHogg 8,1A,DET,2026-09-12T23:06:08Z
8,Dobolicious 8,1A,BAL,2026-08-26T01:29:11Z
8,Larry Hess 8,1A,LAC,2026-08-23T20:08:49Z
8,Oki 8,1A,PIT,2026-09-09T21:47:45Z
8,Chronos 8,1A,DET,2026-08-24T03:56:36Z
8,Robert Dean 8,1A,NYG,2026-09-08T22:09:29Z
8,HSJL 8,1A,JAX,2026-09-12T23:55:14Z
8,Scoots28 8,1A,JAX,2026-09-11T22:58:49Z
8,sweat hogs 8,1A,JAX,2026-09-12T23:15:54Z
8,Muskhogeans 8,1A,PHI,2026-09-12T23:16:59Z
8,shogi 8,1A,LAC,2026-09-12T23:18:03Z
8,Merril Hoge 8,1A,PIT,2026-09-12T23:19:39Z
8,orthogonal 8,1A,LAR,2026-09-10T23:20:04Z
8,Nicks picks 8,1A,CHI,2026-09-13T03:50:28Z
8,Number 9 8,1A,TEN,2026-08-30T20:27:43Z
8,FishKing17 8,1A,JAX,2026-08-31T18:01:57Z
8,X-Ray 8,1A,PIT,2026-09-13T16:47:48Z
8,.PALMER 8,1A,TEN,2026-08-24T18:33:13Z
8,Lep 8,1A,LAC,2026-08-24T19:08:24Z
8,Greenlun 8,1A,LV,2026-09-03T20:54:56Z
8,danohara 8,1A,JAX,2026-09-09T14:11:53Z
8,Schwing 8,1A,LAC,2026-09-01T22:45:45Z
8,One Pump Love & Dump 8,1A,JAX,2026-09-04T15:18:22Z
8,IBian 8,1A,LV,2026-08-26T15:36:11Z
8,Tony G 8,1A,DET,2026-08-27T21:27:15Z
8,Fletch 8,1A,LAR,2026-09-07T22:13:40Z
8,Morning Chuba 8,1A,LAC,2026-09-01T18:50:24Z
8,WZKB 8,1A,TEN,2026-09-06T17:02:01Z
8,JEG#1 8,1A,BAL,2026-09-10T19:19:21Z
8,PB -  jd/ct 8,1A,JAX,2026-09-09T11:59:54Z
8,Aidan O'Hara 8,1A,TEN,2026-09-13T16:21:49Z
8,BigCat#30 - 8,1A,PIT,2026-09-13T16:28:23Z
8,Karl Havoc 8,1A,LAC,2026-08-31T13:29:44Z
8,BS 8,1A,JAX,2026-09-01T03:02:08Z
8,Savage outdoors 8,1A,NYJ,2026-09-02T00:32:47Z
8,colorado_viking 8,1A,LV,2026-09-09T10:35:47Z
8,CTaylor 8,1A,DET,2026-09-02T17:48:53Z
8,Jake’s Irish 8,1A,LAC,2026-09-02T17:54:22Z
8,Homeslice 8,1A,LAC,2026-09-02T22:10:35Z
8,A.K.A. King Gio 8,1A,BAL,2026-09-13T05:56:24Z
8,.buckle up 8,1A,NYJ,2026-09-08T13:29:45Z
8,Simanek 8,1A,LV,2026-09-04T12:16:18Z
8,Skidmark 8,1A,LAC,2026-09-04T18:35:13Z
8,OMB 8,1A,PHI,2026-09-04T16:39:03Z
8,Liamo 8,1A,DET,2026-09-09T16:41:16Z
8,Tolly 8,1A,LAC,2026-09-09T14:18:10Z
8,slyoss 8,1A,LAC,2026-09-07T18:21:36Z
8,A.Lewis 8,1A,LV,2026-09-09T03:24:24Z
8,Mal 8,1A,PIT,2026-09-07T06:02:39Z
8,ryan miller 8,1A,PHI,2026-09-13T07:05:57Z
8,BillsMafiaJA17 8,1A,DET,2026-09-07T18:04:00Z
8,AndrewL 8,1A,DET,2026-09-07T19:23:12Z
8,The Tavern 8,1A,CIN,2026-09-12T13:01:34Z
8,CSmith311 8,1A,JAX,2026-09-10T16:05:49Z
8,darcyvikinggirl 8,1A,LAC,2026-09-08T01:23:35Z
8,Shot to the Chops 8,1A,LAR,2026-09-08T01:25:02Z
8,Clarkesworld 8,1A,PIT,2026-09-13T13:34:19Z
8,Team Callipygian 8,1A,JAX,2026-09-12T22:58:15Z
8,Sherlock 8,1A,TEN,2026-09-08T14:15:45Z
8,bjoachim 8,1A,JAX,2026-09-08T15:21:12Z
8,Grandview Zebras 8,1A,PHI,2026-09-08T15:34:56Z
8,The Committee 8,1A,LAC,2026-09-13T03:40:37Z
8,Dave LaFond 8,1A,LAC,2026-09-09T22:59:26Z
8,Nick Latzke 8,1A,PIT,2026-09-13T16:22:30Z
8,Gina Nelson 8,1A,JAX,2026-09-09T03:39:38Z
8,Schippy 8,1A,LV,2026-09-09T04:45:00Z
8,Troy Michaels 8,1A,LAC,2026-09-13T16:02:32Z
8,Bennyboy 8,1A,CHI,2026-09-09T05:59:57Z
8,laruffa 8,1A,LAC,2026-09-09T09:02:59Z
8,Show Pony 8,1A,CIN,2026-09-13T15:02:30Z
8,Mash Buttatoes 8,1A,NE,2026-09-09T14:37:33Z
8,Titzer 8,1A,LAC,2026-09-09T16:53:00Z
8,G unit 8,1A,PIT,2026-09-12T00:41:35Z
8,Witzee 8,1A,TEN,2026-09-10T16:28:14Z
8,DutchOven 8,1A,JAX,2026-09-09T21:52:48Z
8,Half Pint Hagen 8,1A,LAC,2026-09-09T20:43:40Z
8,Shores 8,1A,DET,2026-09-10T00:39:27Z
8,Coates55 8,1A,NYJ,2026-09-10T02:56:02Z
8,Swarner 8,1A,LAC,2026-09-12T18:47:56Z
8,Berns Bags and Friends 8,1A,PIT,2026-09-13T02:51:29Z
8,Old Gregg 8,1A,NYJ,2026-09-13T12:47:17Z
8,Mabel Miranda 8,1A,LAC,2026-09-13T13:00:48Z
8,Randall_R 8,1A,JAX,2026-09-13T13:44:15Z
8,Showtime 8,1A,LV,2026-09-13T14:11:58Z
8,Matty Ice 8,1A,TEN,2026-09-13T15:50:15Z
8,JohnD 8,1A,MIA,2026-09-13T16:25:14Z
8,Proasscoach 8,1A,PHI,2026-09-13T20:10:56Z
9,Stow 9,1A,DET,2026-09-09T14:18:10Z
9,BossHogg 9,1A,DET,2026-09-12T23:06:10Z
9,Dobolicious 9,1A,BAL,2026-08-26T01:29:18Z
9,Larry Hess 9,1A,JAX,2026-08-23T20:09:48Z
9,Oki 9,1A,PIT,2026-09-09T21:47:47Z
9,Chronos 9,1A,LV,2026-08-24T03:57:01Z
9,Robert Dean 9,1A,LAC,2026-09-08T22:09:38Z
9,HSJL 9,1A,LV,2026-09-03T22:50:04Z
9,Scoots28 9,1A,JAX,2026-09-11T22:58:55Z
9,sweat hogs 9,1A,JAX,2026-09-12T23:16:00Z
9,Muskhogeans 9,1A,LV,2026-09-12T23:17:04Z
9,shogi 9,1A,LAC,2026-09-12T23:18:08Z
9,Merril Hoge 9,1A,PIT,2026-09-12T23:19:43Z
9,orthogonal 9,1A,LAR,2026-09-10T23:20:32Z
9,Nicks picks 9,1A,JAX,2026-09-13T03:50:37Z
9,Number 9 9,1A,BAL,2026-08-30T20:27:48Z
9,FishKing17 9,1A,LAC,2026-08-31T18:02:25Z
9,X-Ray 9,1A,PIT,2026-09-05T20:03:36Z
9,.PALMER 9,1A,TEN,2026-08-24T18:33:15Z
9,Lep 9,1A,LAC,2026-08-24T19:08:29Z
9,Eastside 17 9,1A,LAR,2026-09-10T23:45:05Z
9,Greenlun 9,1A,LV,2026-09-03T20:55:02Z
9,danohara 9,1A,PIT,2026-09-09T14:12:03Z
9,Schwing 9,1A,LAC,2026-09-01T22:45:49Z
9,One Pump Love & Dump 9,1A,PIT,2026-09-04T15:18:58Z
9,IBian 9,1A,JAX,2026-08-26T15:36:16Z
9,Tony G 9,1A,NYJ,2026-08-27T21:27:25Z
9,Fletch 9,1A,JAX,2026-09-07T22:13:46Z
9,Morning Chuba 9,1A,LAC,2026-09-01T18:50:27Z
9,WZKB 9,1A,TEN,2026-09-06T17:02:22Z
9,JEG#1 9,1A,MIN,2026-09-10T19:21:33Z
9,PB -  jd/ct 9,1A,LAC,2026-09-09T12:00:31Z
9,Aidan O'Hara 9,1A,BUF,2026-09-13T16:21:58Z
9,BigCat#30 - 9,1A,PIT,2026-09-13T16:28:31Z
9,Karl Havoc 9,1A,LAC,2026-08-31T13:29:46Z
9,BS 9,1A,JAX,2026-09-01T03:02:14Z
9,Savage outdoors 9,1A,LV,2026-09-02T00:32:56Z
9,colorado_viking 9,1A,TEN,2026-09-09T10:36:02Z
9,CTaylor 9,1A,LV,2026-09-02T17:49:03Z
9,Jake’s Irish 9,1A,LAC,2026-09-02T17:54:34Z
9,Homeslice 9,1A,LAC,2026-09-02T22:10:45Z
9,A.K.A. King Gio 9,1A,PIT,2026-09-13T05:56:35Z
9,.buckle up 9,1A,LV,2026-09-08T02:15:48Z
9,Simanek 9,1A,CIN,2026-09-04T12:16:31Z
9,Skidmark 9,1A,MIN,2026-09-04T18:35:26Z
9,OMB 9,1A,JAX,2026-09-04T16:39:08Z
9,Liamo 9,1A,DET,2026-09-09T16:41:19Z
9,Tolly 9,1A,DET,2026-09-09T14:18:10Z
9,slyoss 9,1A,LAC,2026-09-07T18:21:39Z
9,A.Lewis 9,1A,PIT,2026-09-09T03:24:53Z
9,Mal 9,1A,JAX,2026-09-09T16:45:37Z
9,ryan miller 9,1A,LAC,2026-09-13T07:06:05Z
9,BillsMafiaJA17 9,1A,DET,2026-09-07T18:04:02Z
9,AndrewL 9,1A,JAX,2026-09-09T14:31:28Z
9,The Tavern 9,1A,DET,2026-09-12T13:01:38Z
9,CSmith311 9,1A,JAX,2026-09-10T16:05:53Z
9,darcyvikinggirl 9,1A,LAC,2026-09-08T01:23:41Z
9,Shot to the Chops 9,1A,DET,2026-09-08T01:25:09Z
9,Clarkesworld 9,1A,JAX,2026-09-08T11:46:52Z
9,Sherlock 9,1A,NYJ,2026-09-08T14:17:49Z
9,bjoachim 9,1A,DET,2026-09-08T15:21:54Z
9,Grandview Zebras 9,1A,LAC,2026-09-08T15:35:03Z
9,The Committee 9,1A,PIT,2026-09-13T03:41:29Z
9,Dave LaFond 9,1A,JAX,2026-09-09T23:01:21Z
9,Nick Latzke 9,1A,DET,2026-09-08T19:35:58Z
9,Gina Nelson 9,1A,LV,2026-09-09T03:39:52Z
9,Troy Michaels 9,1A,DET,2026-09-13T16:03:02Z
9,Bennyboy 9,1A,JAX,2026-09-09T06:00:04Z
9,Schippy 9,1A,SF,2026-09-09T06:23:19Z
9,laruffa 9,1A,SEA,2026-09-09T09:03:03Z
9,Show Pony 9,1A,LV,2026-09-13T15:02:36Z
9,Mash Buttatoes 9,1A,LAC,2026-09-09T14:33:41Z
9,Titzer 9,1A,LV,2026-09-09T16:53:31Z
9,Witzee 9,1A,CHI,2026-09-10T16:28:54Z
9,DutchOven 9,1A,LAC,2026-09-09T21:53:24Z
9,Half Pint Hagen 9,1A,JAX,2026-09-09T20:43:43Z
9,Shores 9,1A,LV,2026-09-10T00:39:54Z
9,Swarner 9,1A,LAC,2026-09-12T18:48:05Z
9,Berns Bags and Friends 9,1A,PIT,2026-09-13T02:51:32Z
9,Old Gregg 9,1A,PIT,2026-09-13T14:56:45Z
9,Mabel Miranda 9,1A,LAC,2026-09-13T13:00:52Z
9,Showtime 9,1A,PIT,2026-09-13T14:09:20Z
9,Proasscoach 9,1A,PHI,2026-09-13T20:11:01Z
10,Stow 10,1A,DET,2026-09-09T14:18:10Z
10,BossHogg 10,1A,DET,2026-09-12T23:06:12Z
10,Dobolicious 10,1A,TEN,2026-08-26T01:29:59Z
10,Larry Hess 10,1A,LV,2026-08-23T20:10:29Z
10,Oki 10,1A,PIT,2026-09-09T21:47:49Z
10,Chronos 10,1A,PHI,2026-08-24T03:57:13Z
10,Robert Dean 10,1A,DET,2026-09-08T22:09:45Z
10,HSJL 10,1A,TEN,2026-09-03T22:50:12Z
10,Scoots28 10,1A,JAX,2026-09-13T14:49:39Z
10,sweat hogs 10,1A,JAX,2026-09-12T23:16:05Z
10,Muskhogeans 10,1A,LV,2026-09-12T23:17:10Z
10,shogi 10,1A,LAC,2026-09-12T23:18:12Z
10,Merril Hoge 10,1A,PIT,2026-09-12T23:19:49Z
10,orthogonal 10,1A,LAR,2026-09-10T23:20:55Z
10,Nicks picks 10,1A,JAX,2026-09-13T03:50:40Z
10,Number 9 10,1A,CLE,2026-08-30T20:27:57Z
10,FishKing17 10,1A,LAC,2026-08-31T18:02:30Z
10,X-Ray 10,1A,PIT,2026-09-05T20:03:39Z
10,.PALMER 10,1A,LV,2026-08-24T18:33:17Z
10,Lep 10,1A,LAC,2026-08-24T19:08:40Z
10,Eastside 17 10,1A,PHI,2026-09-09T21:03:58Z
10,Greenlun 10,1A,DET,2026-09-03T20:55:13Z
10,danohara 10,1A,LAC,2026-09-09T14:12:20Z
10,Schwing 10,1A,LV,2026-09-01T22:47:17Z
10,One Pump Love & Dump 10,1A,LAC,2026-09-04T15:19:21Z
10,IBian 10,1A,JAX,2026-08-26T15:36:19Z
10,Tony G 10,1A,MIN,2026-09-10T18:13:45Z
10,Fletch 10,1A,LAC,2026-09-07T22:13:51Z
10,Morning Chuba 10,1A,LAC,2026-09-01T18:50:31Z
10,WZKB 10,1A,JAX,2026-09-06T16:59:08Z
10,JEG#1 10,1A,PIT,2026-09-10T19:22:13Z
10,PB -  jd/ct 10,1A,PHI,2026-09-09T12:00:45Z
10,Aidan O'Hara 10,1A,BUF,2026-09-13T16:22:10Z
10,BigCat#30 - 10,1A,PIT,2026-09-13T16:28:36Z
10,Karl Havoc 10,1A,LAC,2026-08-31T13:29:49Z
10,BS 10,1A,JAX,2026-09-01T03:02:20Z
10,Savage outdoors 10,1A,BUF,2026-09-02T00:33:08Z
10,colorado_viking 10,1A,TEN,2026-09-09T10:36:10Z
10,CTaylor 10,1A,PIT,2026-09-02T17:49:09Z
10,Jake’s Irish 10,1A,DET,2026-09-07T20:14:35Z
10,Homeslice 10,1A,LAC,2026-09-02T22:10:54Z
10,A.K.A. King Gio 10,1A,JAX,2026-09-13T05:56:43Z
10,.buckle up 10,1A,MIA,2026-09-08T02:15:59Z
10,Simanek 10,1A,GB,2026-09-04T12:17:14Z
10,Skidmark 10,1A,TEN,2026-09-04T18:28:14Z
10,OMB 10,1A,JAX,2026-09-04T16:39:10Z
10,Liamo 10,1A,CHI,2026-09-09T16:41:29Z
10,Tolly 10,1A,DET,2026-09-09T14:18:10Z
10,slyoss 10,1A,LAC,2026-09-07T18:21:57Z
10,A.Lewis 10,1A,NYJ,2026-09-09T03:25:20Z
10,Mal 10,1A,JAX,2026-09-09T17:01:25Z
10,ryan miller 10,1A,DAL,2026-09-13T07:06:09Z
10,BillsMafiaJA17 10,1A,DET,2026-09-07T18:04:05Z
10,AndrewL 10,1A,JAX,2026-09-07T19:23:18Z
10,The Tavern 10,1A,CIN,2026-09-12T13:01:55Z
10,CSmith311 10,1A,JAX,2026-09-10T16:05:58Z
10,darcyvikinggirl 10,1A,LAC,2026-09-08T01:23:50Z
10,Shot to the Chops 10,1A,DET,2026-09-08T01:25:14Z
10,Clarkesworld 10,1A,TEN,2026-09-13T15:52:05Z
10,Sherlock 10,1A,SF,2026-09-10T23:04:22Z
10,bjoachim 10,1A,DET,2026-09-08T15:22:05Z
10,Grandview Zebras 10,1A,PIT,2026-09-13T03:55:50Z
10,The Committee 10,1A,DET,2026-09-13T03:41:43Z
10,Dave LaFond 10,1A,PIT,2026-09-09T23:02:26Z
10,Nick Latzke 10,1A,JAX,2026-09-08T19:36:07Z
10,Gina Nelson 10,1A,MIN,2026-09-09T03:40:06Z
10,Troy Michaels 10,1A,HOU,2026-09-13T16:03:26Z
10,Bennyboy 10,1A,BUF,2026-09-09T06:00:17Z
10,laruffa 10,1A,PHI,2026-09-09T09:03:21Z
10,Show Pony 10,1A,LV,2026-09-13T15:02:41Z
10,Mash Buttatoes 10,1A,LAC,2026-09-09T14:33:44Z
10,Titzer 10,1A,LAC,2026-09-09T16:53:45Z
10,Witzee 10,1A,PIT,2026-09-09T18:57:43Z
10,DutchOven 10,1A,DET,2026-09-09T21:53:33Z
10,Half Pint Hagen 10,1A,BAL,2026-09-09T20:44:24Z
10,Shores 10,1A,LAC,2026-09-11T02:57:06Z
10,Swarner 10,1A,LAC,2026-09-12T18:48:13Z
10,Berns Bags and Friends 10,1A,PIT,2026-09-13T02:51:36Z
10,Old Gregg 10,1A,LV,2026-09-13T14:56:57Z
10,Mabel Miranda 10,1A,MIN,2026-09-13T13:01:54Z
10,Showtime 10,1A,JAX,2026-09-13T14:09:25Z
10,Schippy 10,1A,CIN,2026-09-13T14:07:31Z
11,BossHogg 11,1A,DET,2026-09-12T23:06:14Z
11,Dobolicious 11,1A,ATL,2026-08-26T01:30:21Z
11,Oki 11,1A,PIT,2026-09-09T21:47:51Z
11,Chronos 11,1A,LAR,2026-08-24T03:57:20Z
11,sweat hogs 11,1A,PHI,2026-09-12T23:16:10Z
11,Muskhogeans 11,1A,LV,2026-09-12T23:17:14Z
11,shogi 11,1A,LAC,2026-09-12T23:18:17Z
11,orthogonal 11,1A,LAR,2026-09-10T23:21:21Z
11,Stow 11,1A,DET,2026-09-09T14:18:10Z
11,Number 9 11,1A,JAX,2026-08-30T20:28:01Z
11,FishKing17 11,1A,LAC,2026-08-31T18:02:34Z
11,X-Ray 11,1A,JAX,2026-09-13T16:47:58Z
11,Lep 11,1A,JAX,2026-08-24T19:09:56Z
11,One Pump Love & Dump 11,1A,LV,2026-09-04T15:19:46Z
11,IBian 11,1A,JAX,2026-08-26T15:36:22Z
11,Morning Chuba 11,1A,LAC,2026-09-01T18:50:34Z
11,JEG#1 11,1A,PHI,2026-09-10T19:22:38Z
11,BigCat#30 - 11,1A,MIN,2026-08-30T07:39:53Z
11,Homeslice 11,1A,LAC,2026-09-02T22:11:14Z
11,Skidmark 11,1A,LAC,2026-09-08T17:29:32Z
11,Tolly 11,1A,DET,2026-09-09T14:18:10Z
11,slyoss 11,1A,LV,2026-09-07T18:22:30Z
11,BillsMafiaJA17 11,1A,DET,2026-09-07T18:04:07Z
11,AndrewL 11,1A,JAX,2026-09-07T19:23:20Z
11,darcyvikinggirl 11,1A,LAC,2026-09-08T01:23:57Z
11,Shot to the Chops 11,1A,DET,2026-09-08T01:25:17Z
11,Sherlock 11,1A,PIT,2026-09-12T14:18:01Z
11,bjoachim 11,1A,DET,2026-09-08T15:22:16Z
11,Nick Latzke 11,1A,JAX,2026-09-08T19:36:10Z
11,Gina Nelson 11,1A,PHI,2026-09-09T03:40:15Z
11,Bennyboy 11,1A,LV,2026-09-09T06:00:24Z
11,Titzer 11,1A,JAX,2026-09-09T16:54:24Z
11,Witzee 11,1A,DET,2026-09-09T18:57:49Z
11,Scoots28 11,1A,ARI,2026-09-13T14:50:22Z
11,Berns Bags and Friends 11,1A,TEN,2026-09-13T16:15:23Z
12,BossHogg 12,1A,DET,2026-09-12T23:06:16Z
12,Dobolicious 12,1A,CAR,2026-08-26T01:30:30Z
12,Oki 12,1A,PIT,2026-09-09T21:47:52Z
12,Chronos 12,1A,CHI,2026-08-24T03:58:14Z
12,sweat hogs 12,1A,PHI,2026-09-12T23:16:15Z
12,Muskhogeans 12,1A,LV,2026-09-12T23:17:19Z
12,shogi 12,1A,LAC,2026-09-12T23:18:21Z
12,orthogonal 12,1A,BAL,2026-09-12T23:20:31Z
12,Stow 12,1A,DET,2026-09-09T14:18:10Z
12,Number 9 12,1A,BUF,2026-08-30T20:28:13Z
12,FishKing17 12,1A,LAC,2026-08-31T18:02:37Z
12,X-Ray 12,1A,JAX,2026-09-13T16:48:06Z
12,Lep 12,1A,JAX,2026-08-24T19:10:01Z
12,One Pump Love & Dump 12,1A,CIN,2026-09-04T15:20:16Z
12,IBian 12,1A,JAX,2026-08-26T15:36:25Z
12,Morning Chuba 12,1A,LAC,2026-09-01T18:50:38Z
12,JEG#1 12,1A,JAX,2026-09-10T20:29:08Z
12,BigCat#30 - 12,1A,MIN,2026-08-30T07:40:01Z
12,Homeslice 12,1A,PHI,2026-09-02T22:11:51Z
12,Skidmark 12,1A,JAX,2026-09-08T17:30:51Z
12,Tolly 12,1A,DET,2026-09-09T14:18:10Z
12,slyoss 12,1A,LV,2026-09-07T18:22:35Z
12,BillsMafiaJA17 12,1A,LAC,2026-09-07T18:04:43Z
12,AndrewL 12,1A,JAX,2026-09-07T19:23:21Z
12,darcyvikinggirl 12,1A,LAC,2026-09-08T01:24:03Z
12,Shot to the Chops 12,1A,LV,2026-09-08T01:25:40Z
12,Sherlock 12,1A,LAC,2026-09-12T14:18:36Z
12,bjoachim 12,1A,DET,2026-09-08T15:23:02Z
12,Nick Latzke 12,1A,LAC,2026-09-08T19:36:23Z
12,Gina Nelson 12,1A,LAC,2026-09-09T03:40:28Z
12,Bennyboy 12,1A,MIN,2026-09-09T06:00:35Z
12,Titzer 12,1A,TEN,2026-09-09T16:54:38Z
12,Witzee 12,1A,TEN,2026-09-09T18:58:00Z
12,Scoots28 12,1A,ATL,2026-09-13T14:51:32Z
12,Berns Bags and Friends 12,1A,NYJ,2026-09-13T16:15:28Z
13,BossHogg 13,1A,DET,2026-09-12T23:06:18Z
13,Dobolicious 13,1A,HOU,2026-08-26T01:30:39Z
13,Oki 13,1A,PIT,2026-09-09T21:47:54Z
13,Muskhogeans 13,1A,LV,2026-09-12T23:17:24Z
13,shogi 13,1A,DAL,2026-09-12T23:18:27Z
13,orthogonal 13,1A,BAL,2026-09-12T23:20:35Z
13,Stow 13,1A,PHI,2026-09-09T14:18:11Z
13,Number 9 13,1A,CHI,2026-08-30T20:28:18Z
13,FishKing17 13,1A,JAX,2026-08-31T18:02:45Z
13,X-Ray 13,1A,JAX,2026-09-13T16:48:12Z
13,Lep 13,1A,JAX,2026-08-24T19:10:04Z
13,One Pump Love & Dump 13,1A,DET,2026-09-04T15:23:27Z
13,IBian 13,1A,JAX,2026-09-03T18:03:05Z
13,Morning Chuba 13,1A,LAC,2026-09-01T18:50:43Z
13,JEG#1 13,1A,PHI,2026-09-13T15:23:04Z
13,BigCat#30 - 13,1A,MIN,2026-08-30T07:40:04Z
13,Homeslice 13,1A,PHI,2026-09-02T22:12:35Z
13,Skidmark 13,1A,LAC,2026-09-08T17:30:57Z
13,Tolly 13,1A,PHI,2026-09-09T14:18:11Z
13,slyoss 13,1A,LV,2026-09-07T18:22:38Z
13,BillsMafiaJA17 13,1A,LAC,2026-09-07T18:04:22Z
13,AndrewL 13,1A,LV,2026-09-07T19:24:20Z
13,darcyvikinggirl 13,1A,LAC,2026-09-08T01:24:10Z
13,Shot to the Chops 13,1A,LV,2026-09-08T01:25:45Z
13,Sherlock 13,1A,JAX,2026-09-12T14:19:01Z
13,bjoachim 13,1A,LAC,2026-09-08T15:23:23Z
13,Nick Latzke 13,1A,JAX,2026-09-08T19:36:32Z
13,Bennyboy 13,1A,PHI,2026-09-09T06:00:42Z
13,Titzer 13,1A,CIN,2026-09-09T16:54:43Z
13,Witzee 13,1A,PHI,2026-09-09T18:56:35Z
14,BossHogg 14,1A,DET,2026-09-12T23:06:21Z
14,Dobolicious 14,1A,MIN,2026-08-26T01:30:53Z
14,Oki 14,1A,JAX,2026-09-09T21:48:03Z
14,shogi 14,1A,DAL,2026-09-12T23:18:33Z
14,orthogonal 14,1A,BAL,2026-09-12T23:20:39Z
14,Stow 14,1A,PHI,2026-09-09T14:18:11Z
14,Number 9 14,1A,LAC,2026-08-30T20:28:23Z
14,FishKing17 14,1A,DET,2026-08-31T18:02:53Z
14,X-Ray 14,1A,JAX,2026-09-05T20:03:52Z
14,Lep 14,1A,LV,2026-08-24T19:10:18Z
14,One Pump Love & Dump 14,1A,PHI,2026-09-04T15:23:45Z
14,IBian 14,1A,PHI,2026-09-03T17:59:33Z
14,Morning Chuba 14,1A,LAC,2026-09-01T18:50:48Z
14,JEG#1 14,1A,LV,2026-09-10T20:30:18Z
14,BigCat#30 - 14,1A,MIN,2026-08-30T07:40:07Z
14,Homeslice 14,1A,TEN,2026-09-02T22:15:21Z
14,Skidmark 14,1A,DET,2026-09-08T17:31:07Z
14,Tolly 14,1A,PHI,2026-09-09T14:18:11Z
14,slyoss 14,1A,LV,2026-09-07T18:22:41Z
14,BillsMafiaJA17 14,1A,LAC,2026-09-07T18:04:24Z
14,AndrewL 14,1A,LV,2026-09-07T19:23:29Z
14,darcyvikinggirl 14,1A,LAC,2026-09-08T01:24:14Z
14,Shot to the Chops 14,1A,PHI,2026-09-08T01:25:51Z
14,Sherlock 14,1A,LAC,2026-09-12T14:19:25Z
14,bjoachim 14,1A,LAC,2026-09-08T15:23:40Z
14,Nick Latzke 14,1A,TEN,2026-09-08T19:41:49Z
14,Bennyboy 14,1A,LAC,2026-09-09T06:00:51Z
14,Titzer 14,1A,PHI,2026-09-09T16:55:03Z
15,BossHogg 15,1A,JAX,2026-09-09T23:50:57Z
15,Oki 15,1A,JAX,2026-09-09T21:48:05Z
15,shogi 15,1A,DAL,2026-09-12T23:18:37Z
15,orthogonal 15,1A,MIA,2026-09-12T23:20:44Z
15,Stow 15,1A,PHI,2026-09-09T14:18:11Z
15,Number 9 15,1A,DAL,2026-08-30T20:28:29Z
15,FishKing17 15,1A,DET,2026-08-31T18:02:55Z
15,X-Ray 15,1A,JAX,2026-09-05T20:03:55Z
15,Lep 15,1A,LV,2026-08-24T19:10:23Z
15,One Pump Love & Dump 15,1A,DET,2026-09-04T15:25:01Z
15,IBian 15,1A,PHI,2026-08-26T15:37:53Z
15,Morning Chuba 15,1A,LAC,2026-09-01T18:50:51Z
15,JEG#1 15,1A,JAX,2026-09-10T20:28:06Z
15,BigCat#30 - 15,1A,MIN,2026-08-30T07:40:10Z
15,Homeslice 15,1A,JAX,2026-09-02T22:15:44Z
15,Skidmark 15,1A,JAX,2026-09-08T17:31:23Z
15,Tolly 15,1A,PHI,2026-09-09T14:18:11Z
15,slyoss 15,1A,JAX,2026-09-07T18:22:55Z
15,BillsMafiaJA17 15,1A,LAC,2026-09-07T18:04:26Z
15,AndrewL 15,1A,JAX,2026-09-09T14:33:09Z
15,darcyvikinggirl 15,1A,LAC,2026-09-08T01:24:19Z
15,Shot to the Chops 15,1A,PHI,2026-09-08T01:25:54Z
15,Sherlock 15,1A,MIN,2026-09-12T14:19:41Z
15,bjoachim 15,1A,JAX,2026-09-08T15:23:59Z
15,Nick Latzke 15,1A,PIT,2026-09-13T16:26:08Z
15,Bennyboy 15,1A,DAL,2026-09-09T06:00:57Z
15,Titzer 15,1A,LAC,2026-09-09T16:55:10Z
16,BossHogg 16,1A,JAX,2026-09-09T23:50:57Z
16,Oki 16,1A,JAX,2026-09-09T21:48:06Z
16,shogi 16,1A,DAL,2026-09-12T23:18:41Z
16,orthogonal 16,1A,SEA,2026-09-09T23:53:46Z
16,Stow 16,1A,PHI,2026-09-09T14:18:11Z
16,FishKing17 16,1A,DET,2026-08-31T18:02:56Z
16,Lep 16,1A,LV,2026-08-24T19:10:29Z
16,One Pump Love & Dump 16,1A,CHI,2026-09-04T15:25:19Z
16,IBian 16,1A,PHI,2026-08-26T15:37:56Z
16,Morning Chuba 16,1A,LAC,2026-09-01T18:50:53Z
16,JEG#1 16,1A,DET,2026-09-10T20:27:22Z
16,BigCat#30 - 16,1A,JAX,2026-08-30T07:44:54Z
16,Homeslice 16,1A,LAC,2026-09-05T23:56:24Z
16,Skidmark 16,1A,DET,2026-09-08T17:31:28Z
16,Tolly 16,1A,PHI,2026-09-09T14:18:11Z
16,slyoss 16,1A,JAX,2026-09-07T18:22:57Z
16,AndrewL 16,1A,PIT,2026-09-11T18:36:28Z
16,darcyvikinggirl 16,1A,LAC,2026-09-08T01:29:59Z
16,Shot to the Chops 16,1A,LAC,2026-09-08T01:26:12Z
16,Sherlock 16,1A,DET,2026-09-12T15:05:02Z
16,Nick Latzke 16,1A,PIT,2026-09-13T16:23:11Z
17,BossHogg 17,1A,JAX,2026-09-09T23:50:58Z
17,Dobolicious 17,1A,DET,2026-08-26T01:31:18Z
17,Oki 17,1A,JAX,2026-09-09T21:48:08Z
17,shogi 17,1A,DAL,2026-09-12T23:18:46Z
17,orthogonal 17,1A,SEA,2026-09-09T23:53:47Z
17,Stow 17,1A,PIT,2026-09-09T14:18:11Z
17,FishKing17 17,1A,LAC,2026-08-31T18:02:59Z
17,X-Ray 17,1A,BUF,2026-09-13T16:52:50Z
17,Lep 17,1A,LV,2026-08-24T19:12:15Z
17,One Pump Love & Dump 17,1A,DAL,2026-09-04T15:25:27Z
17,IBian 17,1A,LAC,2026-08-26T15:37:59Z
17,JEG#1 17,1A,TEN,2026-09-10T19:07:02Z
17,BigCat#30 - 17,1A,JAX,2026-08-30T07:44:59Z
17,Homeslice 17,1A,JAX,2026-09-05T23:57:29Z
17,Skidmark 17,1A,LV,2026-09-08T17:31:39Z
17,Tolly 17,1A,PIT,2026-09-09T14:18:11Z
17,slyoss 17,1A,JAX,2026-09-07T18:22:59Z
17,Shot to the Chops 17,1A,LAR,2026-09-08T01:26:32Z
17,Sherlock 17,1A,MIA,2026-09-12T15:05:55Z
17,Nick Latzke 17,1A,JAX,2026-09-08T19:36:58Z
17,Bennyboy 17,1A,NO,2026-09-09T06:01:20Z
17,AndrewL 17,1A,PIT,2026-09-11T18:36:32Z
18,BossHogg 18,1A,JAX,2026-09-12T23:06:23Z
18,Dobolicious 18,1A,JAX,2026-08-26T01:31:27Z
18,Oki 18,1A,JAX,2026-09-09T21:48:09Z
18,shogi 18,1A,DAL,2026-09-12T23:18:51Z
18,orthogonal 18,1A,SEA,2026-09-09T23:53:47Z
18,Stow 18,1A,PIT,2026-09-09T14:18:11Z
18,Lep 18,1A,LV,2026-09-11T17:47:23Z
18,One Pump Love & Dump 18,1A,MIN,2026-09-04T15:25:44Z
18,IBian 18,1A,LAC,2026-09-03T17:59:56Z
18,JEG#1 18,1A,LAC,2026-09-10T19:06:17Z
18,BigCat#30 - 18,1A,JAX,2026-08-30T07:45:02Z
18,Homeslice 18,1A,DET,2026-09-05T23:57:49Z
18,Skidmark 18,1A,LAC,2026-09-08T17:32:13Z
18,Tolly 18,1A,PIT,2026-09-09T14:18:11Z
18,slyoss 18,1A,JAX,2026-09-07T18:23:01Z
18,Shot to the Chops 18,1A,SEA,2026-09-08T01:26:35Z
18,Sherlock 18,1A,PIT,2026-09-12T15:06:03Z
18,Nick Latzke 18,1A,LAC,2026-09-08T19:37:02Z
18,Bennyboy 18,1A,CLE,2026-09-09T06:01:30Z
18,FishKing17 18,1A,LAC,2026-09-09T14:01:52Z
18,AndrewL 18,1A,JAX,2026-09-09T14:39:10Z
19,BossHogg 19,1A,JAX,2026-09-12T23:14:30Z
19,Dobolicious 19,1A,LAC,2026-08-26T01:31:36Z
19,Oki 19,1A,JAX,2026-09-09T21:48:11Z
19,shogi 19,1A,DAL,2026-09-12T23:18:55Z
19,orthogonal 19,1A,MIA,2026-09-12T23:20:50Z
19,Stow 19,1A,PIT,2026-09-09T14:18:11Z
19,X-Ray 19,1A,CIN,2026-09-13T13:44:42Z
19,Lep 19,1A,NYJ,2026-08-24T19:13:57Z
19,One Pump Love & Dump 19,1A,BAL,2026-09-04T15:25:58Z
19,IBian 19,1A,PIT,2026-09-09T14:43:06Z
19,JEG#1 19,1A,LV,2026-09-10T19:05:40Z
19,BigCat#30 - 19,1A,JAX,2026-08-30T07:45:05Z
19,Homeslice 19,1A,LAC,2026-09-06T00:00:07Z
19,Skidmark 19,1A,DET,2026-09-08T17:32:36Z
19,Tolly 19,1A,PIT,2026-09-09T14:18:11Z
19,slyoss 19,1A,TEN,2026-09-07T18:23:11Z
19,Shot to the Chops 19,1A,LAC,2026-09-08T01:27:03Z
19,Sherlock 19,1A,LAC,2026-09-12T15:06:18Z
19,Nick Latzke 19,1A,TEN,2026-09-08T19:38:41Z
19,Bennyboy 19,1A,ARI,2026-09-09T06:01:43Z
19,FishKing17 19,1A,LAC,2026-09-09T14:01:57Z
19,AndrewL 19,1A,DET,2026-09-09T14:39:13Z
20,BossHogg 20,1A,JAX,2026-09-12T23:14:38Z
20,Dobolicious 20,1A,LAC,2026-08-26T01:31:56Z
20,Oki 20,1A,JAX,2026-09-09T21:48:12Z
20,shogi 20,1A,DET,2026-09-12T23:18:59Z
20,orthogonal 20,1A,CIN,2026-09-12T23:20:55Z
20,Stow 20,1A,PIT,2026-09-09T14:18:11Z
20,X-Ray 20,1A,NYJ,2026-09-11T18:23:05Z
20,Lep 20,1A,TEN,2026-08-24T19:14:00Z
20,One Pump Love & Dump 20,1A,LV,2026-09-04T15:26:09Z
20,IBian 20,1A,PIT,2026-09-09T14:42:53Z
20,JEG#1 20,1A,LV,2026-08-29T16:04:59Z
20,BigCat#30 - 20,1A,JAX,2026-08-30T07:45:08Z
20,Homeslice 20,1A,LV,2026-09-06T00:01:10Z
20,Skidmark 20,1A,PHI,2026-09-08T17:32:56Z
20,Tolly 20,1A,PIT,2026-09-09T14:18:11Z
20,slyoss 20,1A,TEN,2026-09-07T18:23:14Z
20,Shot to the Chops 20,1A,JAX,2026-09-08T01:27:11Z
20,Sherlock 20,1A,PIT,2026-09-12T15:06:30Z
20,Nick Latzke 20,1A,LV,2026-09-08T19:38:22Z
20,Bennyboy 20,1A,NYG,2026-09-09T06:01:55Z
20,FishKing17 20,1A,ARI,2026-09-10T15:29:04Z
20,AndrewL 20,1A,LAC,2026-09-11T18:36:12Z
21,BossHogg 21,1A,PHI,2026-09-12T23:14:44Z
21,Oki 21,1A,JAX,2026-09-09T21:45:47Z
21,X-Ray 21,1A,NE,2026-09-05T20:01:33Z
21,BigCat#30 - 21,1A,DET,2026-08-30T07:48:46Z
22,BossHogg 22,1A,PHI,2026-09-12T23:14:50Z
22,X-Ray 22,1A,SF,2026-09-05T20:01:42Z
22,BigCat#30 - 22,1A,DET,2026-08-30T07:48:49Z
23,BossHogg 23,1A,LAC,2026-09-12T23:14:58Z
23,X-Ray 23,1A,GB,2026-09-05T20:01:57Z
23,BigCat#30 - 23,1A,DET,2026-08-30T07:48:50Z
24,BossHogg 24,1A,LAC,2026-09-12T23:15:05Z
24,BigCat#30 - 24,1A,DET,2026-08-30T07:48:52Z
25,BossHogg 25,1A,SEA,2026-09-09T23:53:46Z
25,BigCat#30 - 25,1A,DET,2026-08-30T07:48:54Z
26,BigCat#30 - 26,1A,PHI,2026-08-30T07:52:16Z
27,BigCat#30 - 27,1A,PHI,2026-08-30T07:52:19Z
28,BigCat#30 - 28,1A,PHI,2026-08-30T07:52:21Z
29,BigCat#30 - 29,1A,PHI,2026-08-30T07:52:22Z
30,BigCat#30 - 30,1A,PHI,2026-08-30T07:52:24Z
31,BigCat#30 - 31,1A,LAC,2026-09-07T07:34:20Z
32,BigCat#30 - 32,1A,LAC,2026-09-07T07:34:25Z
33,BigCat#30 - 33,1A,LAC,2026-09-07T07:34:28Z
34,BigCat#30 - 34,1A,LAC,2026-09-07T07:34:31Z
35,BigCat#30 - 35,1A,LAC,2026-09-07T07:34:36Z
36,BigCat#30 - 36,1A,CIN,2026-09-13T16:40:53Z
37,BigCat#30 - 37,1A,CIN,2026-09-13T16:41:01Z
38,BigCat#30 - 38,1A,CIN,2026-09-13T16:41:07Z
39,BigCat#30 - 39,1A,CIN,2026-09-13T16:41:15Z
40,BigCat#30 - 40,1A,CIN,2026-09-13T16:41:21Z
41,BigCat#30 - 41,1A,TEN,2026-09-13T16:49:36Z
42,BigCat#30 - 42,1A,TEN,2026-09-13T16:49:43Z
43,BigCat#30 - 43,1A,TEN,2026-09-13T16:49:50Z
