entry_number,entry_name,slot,team,submitted_at_utc
1,Stow 1,3A,SF,2026-09-23T03:52:46Z
1,BankofMarquis 1,3A,GB,2026-09-23T14:40:27Z
1,Ron Diedrich 1,3A,WSH,2026-09-22T19:43:28Z
1,BossHogg 1,3A,SEA,2026-09-27T11:52:34Z
1,Duncan 1,3A,GB,2026-09-21T16:25:19Z
1,Dobolicious 1,3A,DET,2026-09-25T01:16:39Z
1,QueenJoanie 1,3A,DET,2026-09-27T11:13:54Z
1,ButterBob 1,3A,GB,2026-09-23T20:40:36Z
1,Larry Hess 1,3A,BUF,2026-09-22T14:23:38Z
1,RecklessDZ 1,3A,CAR,2026-09-24T00:45:15Z
1,Oki 1,3A,DET,2026-09-27T14:58:41Z
1,Tim The Enchanter 1,3A,DET,2026-09-22T16:12:49Z
1,Sportmutt 1,3A,BUF,2026-09-21T00:03:32Z
1,RobbyMcRobface 1,3A,GB,2026-09-23T14:27:49Z
1,Kory Isley 1,3A,MIA,2026-09-27T14:39:46Z
1,BBdan 1,3A,DET,2026-09-23T13:38:21Z
1,Chronos 1,3A,ARI,2026-09-23T22:16:19Z
1,SUMountaineer 1,3A,KC,2026-09-26T19:40:36Z
1,Todd G 1,3A,NYG,2026-09-22T15:47:44Z
1,Brady G 1,3A,CIN,2026-09-24T12:58:46Z
1,Robert Dean 1,3A,NO,2026-09-23T17:03:05Z
1,RudyIrish 1,3A,NO,2026-09-25T11:10:56Z
1,actionjlc 1,3A,SEA,2026-09-25T13:23:31Z
1,kitten 1,3A,DET,2026-09-25T13:24:52Z
1,TurtlePower 1,3A,DET,2026-09-20T22:28:44Z
1,JL2320 1,3A,BUF,2026-09-23T15:09:59Z
1,Kathy S 1,3A,BUF,2026-09-21T23:27:11Z
1,Susan K 1,3A,WSH,2026-09-22T20:56:07Z
1,HSJL 1,3A,GB,2026-09-24T12:13:15Z
1,Scoots28 1,3A,DET,2026-09-24T01:23:29Z
1,Masterdeflater  (AI) 1,3A,SF,2026-09-15T19:46:18Z
1,Marty Johnson 1,3A,GB,2026-09-23T14:58:34Z
1,sweat hogs 1,3A,BUF,2026-09-27T11:55:11Z
1,Muskhogeans 1,3A,SF,2026-09-27T11:57:59Z
1,shogi 1,3A,BUF,2026-09-27T11:55:19Z
1,Merril Hoge 1,3A,BUF,2026-09-27T11:54:52Z
1,orthogonal 1,3A,BUF,2026-09-27T11:52:49Z
1,Nicks picks 1,3A,SEA,2026-09-21T12:07:19Z
1,PerHansa 1,3A,ARI,2026-09-22T03:31:59Z
1,Number 9 1,3A,ATL,2026-09-21T02:38:31Z
1,KC Wildcats 1,3A,NO,2026-09-20T23:08:53Z
1,&rusko1 1,3A,KC,2026-09-24T12:49:20Z
1,&rusko2 1,3A,SF,2026-09-21T14:15:09Z
1,Mitch's Maniacs 1,3A,KC,2026-09-22T00:07:46Z
1,Mitchel 1,3A,CAR,2026-09-21T02:03:32Z
1,Bottom Feeder 1,3A,NO,2026-09-24T20:11:51Z
1,Byrdman 1,3A,ATL,2026-09-21T13:09:28Z
1,ROTNONE 1,3A,JAX,2026-09-26T11:48:28Z
1,Gabs 1 1,3A,SEA,2026-09-27T13:36:40Z
1,Gabs 2 1,3A,SEA,2026-09-21T12:24:45Z
1,Gabs 3 1,3A,KC,2026-09-21T12:25:12Z
1,Tom McNeil 1,3A,GB,2026-09-22T14:43:03Z
1,The Rocket 1,3A,GB,2026-09-21T14:51:14Z
1,CoorsBanquet 1,3A,BUF,2026-09-22T23:54:12Z
1,BusterJrH 1,3A,DET,2026-09-24T17:48:51Z
1,FishKing17 1,3A,NYG,2026-09-21T14:19:30Z
1,Hendricks 1,3A,DET,2026-09-22T03:19:38Z
1,Copalman1 1,3A,DET,2026-09-21T08:33:40Z
1,Copalman2 1,3A,NYG,2026-09-21T08:33:54Z
1,Copalman3 1,3A,NO,2026-09-21T08:34:34Z
1,Karomaro 1,3A,SEA,2026-09-24T17:17:08Z
1,SHAQFU19 1,3A,DET,2026-09-22T17:39:19Z
1,Dawn 1,3A,ARI,2026-09-22T15:29:47Z
1,Jedi bob 1,3A,DET,2026-09-22T12:39:13Z
1,Brinkman 1,3A,MIN,2026-09-23T14:53:25Z
1,X-Ray 1,3A,GB,2026-09-23T11:50:45Z
1,Drago 1,3A,ATL,2026-09-21T14:50:01Z
1,ChrisN 1,3A,SEA,2026-09-24T15:13:40Z
1,Gwaz 1,3A,SEA,2026-09-26T16:48:48Z
1,.PALMER 1,3A,GB,2026-09-21T17:31:01Z
1,DCloud 1,3A,DET,2026-09-24T16:16:34Z
1,Mac Attack 1,3A,NYJ,2026-09-25T15:54:05Z
1,iwasatthesswift-kelcewedding 1,3A,BUF,2026-09-24T01:33:55Z
1,Lep 1,3A,NE,2026-09-21T14:32:18Z
1,Scott Brofman 1,3A,NO,2026-09-23T14:49:30Z
1,CGully 1,3A,ARI,2026-09-23T21:07:18Z
1,Tamasi 1,3A,NYG,2026-09-21T19:07:15Z
1,Halvey 1,3A,KC,2026-09-21T14:31:05Z
1,James B 1,3A,CAR,2026-09-22T12:51:12Z
1,Eastside 17 1,3A,GB,2026-09-24T01:12:55Z
1,Freddy Reyes 1,3A,DET,2026-09-22T02:36:13Z
1,Greenlun 1,3A,KC,2026-09-23T00:41:22Z
1,danohara 1,3A,MIA,2026-09-24T00:32:45Z
1,CTEasymoney 1,3A,GB,2026-09-22T04:41:26Z
1,Get Stiggy With It 1,3A,ATL,2026-09-22T17:07:14Z
1,Mav1 1,3A,DET,2026-09-21T02:47:16Z
1,Mav2 1,3A,SF,2026-09-21T02:50:38Z
1,Schwing 1,3A,SF,2026-09-23T00:00:21Z
1,Hain 1,3A,CAR,2026-09-23T19:35:02Z
1,Jacob Goergen 1,3A,SEA,2026-09-26T17:39:21Z
1,Danny Heldt 1,3A,KC,2026-09-22T01:37:30Z
1,Honeycutt 1,3A,DET,2026-09-22T22:58:18Z
1,Nube 1,3A,DET,2026-09-22T12:18:50Z
1,Alex Allen 1,3A,DEN,2026-09-24T02:23:48Z
1,Python1 1,3A,GB,2026-09-22T16:59:25Z
1,Jeri Lyn 1,3A,SF,2026-09-22T02:19:26Z
1,ThisIsTheYear 1,3A,KC,2026-09-27T16:10:28Z
1,RON JANSEN 1,3A,SEA,2026-09-23T04:42:59Z
1,3Strangedays 1,3A,CLE,2026-09-27T14:43:10Z
1,The Lock of the Week 1,3A,SEA,2026-09-23T18:29:20Z
1,One Pump Love & Dump 1,3A,NO,2026-09-22T14:43:49Z
1,jpurrington 1,3A,SEA,2026-09-23T15:55:29Z
1,JonnyMain2 1,3A,KC,2026-09-22T11:02:57Z
1,Jonny Main 1,3A,BUF,2026-09-22T11:05:04Z
1,Shannon 1,3A,NO,2026-09-27T01:20:51Z
1,TonerPirates 1,3A,BUF,2026-09-23T01:54:14Z
1,Redgem 1,3A,PHI,2026-09-24T22:29:29Z
1,Aaron W 1,3A,BUF,2026-09-23T11:39:46Z
1,Aaron W2 1,3A,DET,2026-09-23T11:39:35Z
1,Eric Sexton 1,3A,DET,2026-09-23T21:42:46Z
1,Bigtippers 1,3A,KC,2026-09-23T15:15:05Z
1,BCAT 1,3A,MIA,2026-09-22T09:55:11Z
1,IBian 1,3A,LAC,2026-09-23T17:31:17Z
1,4HAM 1,3A,GB,2026-09-14T03:07:25Z
1,Ibinger 1,3A,DET,2026-09-25T13:38:37Z
1,Kerry S 64 1,3A,KC,2026-09-22T14:48:27Z
1,Kerry S 7 1,3A,SF,2026-09-22T14:48:57Z
1,Kerry S 18 1,3A,SEA,2026-09-22T14:50:03Z
1,Kerry S 17 1,3A,MIA,2026-09-22T14:47:56Z
1,Psorensen 1,3A,SEA,2026-09-24T13:50:15Z
1,SkolVikes 1,3A,BUF,2026-09-23T18:07:39Z
1,Vendor 1,3A,KC,2026-09-23T21:27:16Z
1,Alvin 1,3A,GB,2026-09-21T16:43:04Z
1,Marc M 1,3A,NYJ,2026-09-23T22:33:47Z
1,Teeter 1,3A,GB,2026-09-23T14:52:02Z
1,Russ H1 1,3A,SEA,2026-09-22T14:38:07Z
1,Russ H2 1,3A,KC,2026-09-22T14:38:25Z
1,Tony G 1,3A,KC,2026-09-22T01:36:56Z
1,McGee1 1,3A,KC,2026-09-23T05:17:29Z
1,McGee2 1,3A,KC,2026-09-23T05:18:13Z
1,Coma Doof Warrior 1,3A,SF,2026-09-24T17:09:41Z
1,SBerecz 1,3A,GB,2026-09-23T19:57:14Z
1,Mongoose 1,3A,ARI,2026-09-23T12:33:50Z
1,Fletch 1,3A,KC,2026-09-23T21:35:47Z
1,Morning Chuba 1,3A,KC,2026-09-24T00:16:14Z
1,WZKB 1,3A,JAX,2026-09-22T14:51:47Z
1,NorseLoki 1,3A,SF,2026-09-23T18:53:50Z
1,Aphid 1,3A,KC,2026-09-23T18:54:20Z
1,Dad 1,3A,CAR,2026-09-26T14:07:39Z
1,Dad2 1,3A,DET,2026-09-26T14:07:48Z
1,Daughter 1,3A,GB,2026-09-22T20:28:24Z
1,Daughter2 1,3A,CIN,2026-09-22T20:30:10Z
1,AssKickers 1,3A,GB,2026-09-20T23:57:12Z
1,Fielder 1,3A,LAC,2026-09-21T16:56:43Z
1,JEG#1 1,3A,BUF,2026-09-23T10:43:06Z
1,Cypherhawks 1,3A,GB,2026-08-28T19:09:49Z
1,Tim McNeil 1,3A,GB,2026-09-23T00:31:11Z
1,Bib #1 1,3A,GB,2026-09-21T20:45:16Z
1,Bib#2 1,3A,ATL,2026-09-21T20:46:57Z
1,Bib#3 1,3A,DET,2026-09-21T20:47:52Z
1,Doug Cook 1,3A,GB,2026-09-23T15:15:22Z
1,Clete 1,3A,MIN,2026-09-22T03:50:22Z
1,Blaze Welham 1,3A,KC,2026-09-25T02:23:30Z
1,Rebecca Welham 1,3A,MIA,2026-09-25T02:29:34Z
1,Kolsen Welham 1,3A,KC,2026-09-25T04:36:25Z
1,Bri Welham 1,3A,SEA,2026-09-25T02:31:52Z
1,BW2 1,3A,ARI,2026-09-25T02:25:00Z
1,Jake McNeil 1,3A,MIA,2026-09-23T17:11:47Z
1,joe shred 1,3A,KC,2026-09-26T21:02:01Z
1,CEH2O1 1,3A,GB,2026-09-20T16:27:09Z
1,Wheels 1,3A,GB,2026-09-23T15:49:50Z
1,PB -  jd/ct 1,3A,GB,2026-09-24T23:35:14Z
1,Bob & Jackie 1,3A,GB,2026-09-24T22:46:09Z
1,Fairway Ridge 1,3A,WSH,2026-09-23T14:41:23Z
1,Rampage 1,3A,BUF,2026-09-23T14:42:20Z
1,JoeyG 1,3A,DET,2026-09-21T14:23:37Z
1,Sidders 1,3A,NO,2026-09-22T15:53:56Z
1,Jimmy McNeil 1,3A,KC,2026-09-20T22:54:25Z
1,Aidan O'Hara 1,3A,DET,2026-09-23T00:24:47Z
1,BigCat#30 - 1,3A,KC,2026-09-27T15:09:30Z
1,Jennie-O 1,3A,WSH,2026-09-25T00:08:12Z
1,Emily 1,3A,NO,2026-09-24T21:57:20Z
1,Brock 1,3A,NYJ,2026-09-23T15:51:00Z
1,Puffprincess 👑 1,3A,BUF,2026-09-26T15:51:39Z
1,Josh M. 1 1,3A,DET,2026-09-23T04:59:54Z
1,TJB 1,3A,GB,2026-09-22T22:26:23Z
1,Derek Death 1,3A,ARI,2026-09-26T22:34:28Z
1,Mifancee 1,3A,GB,2026-09-24T22:47:03Z
1,Benny 1,3A,BUF,2026-09-22T23:03:49Z
1,Benny 0 1,3A,DET,2026-09-22T23:03:54Z
1,Benny 14 1,3A,SF,2026-09-22T23:04:09Z
1,Mac 1,3A,SF,2026-09-27T13:55:09Z
1,SErickson 1,3A,ARI,2026-09-23T11:03:47Z
1,Morgan Battle 1,3A,NYG,2026-09-21T13:47:50Z
1,Karl Havoc 1,3A,DET,2026-09-21T14:57:47Z
1,TG94 1,3A,SF,2026-09-24T00:02:26Z
1,The Cats Ass 1,3A,DET,2026-09-25T11:56:37Z
1,The Cats Ass 2 1,3A,NYG,2026-09-21T22:51:01Z
1,CiCi 1,3A,KC,2026-09-24T12:54:31Z
1,Skooter 1,3A,BUF,2026-09-21T03:10:38Z
1,Garner 1,3A,NYG,2026-09-23T15:33:31Z
1,JFerrell 1,3A,DET,2026-09-23T12:23:59Z
1,BS 1,3A,KC,2026-09-22T02:45:43Z
1,Mike Z. 1,3A,PHI,2026-09-21T04:17:22Z
1,GWhite 1,3A,SEA,2026-09-23T20:26:22Z
1,CWHITE 1,3A,SF,2026-09-21T19:44:52Z
1,Luke K 1,3A,SF,2026-09-24T13:05:11Z
1,Winner # 1,3A,SF,2026-09-22T12:47:43Z
1,Pinky 1,3A,DET,2026-09-23T01:24:24Z
1,BIGOLD 1,3A,SEA,2026-09-23T01:24:51Z
1,BLURRS 1,3A,KC,2026-09-26T19:44:10Z
1,Randall_R 1,3A,DET,2026-09-26T23:29:05Z
1,a.schneck 1,3A,KC,2026-09-21T15:31:22Z
1,J Bud 1,3A,SF,2026-09-20T22:27:14Z
1,Chong Y 1,3A,ATL,2026-09-22T13:43:30Z
1,DEVO 1,3A,DET,2026-09-26T15:12:20Z
1,Tom Rydel 1,3A,SF,2026-09-23T01:56:20Z
1,Raider Haters 1,3A,TEN,2026-09-25T22:36:30Z
1,Foost26 1,3A,DET,2026-09-25T00:30:02Z
1,Savage outdoors 1,3A,TEN,2026-09-23T14:09:46Z
1,Myers 1,3A,DET,2026-09-24T12:42:39Z
1,Joe Buck Yourself 1,3A,DET,2026-09-22T09:40:02Z
1,The Modern Day Maharaja 1,3A,KC,2026-09-24T00:54:56Z
1,Mark O 1,3A,MIA,2026-09-23T18:19:11Z
1,colorado_viking 1,3A,CLE,2026-09-27T11:55:11Z
1,Tim Kost 1,3A,BUF,2026-09-24T19:15:29Z
1,Original Stephen A 1,3A,ARI,2026-09-23T14:53:30Z
1,Mike W 1,3A,SF,2026-09-24T02:16:34Z
1,Al S 1,3A,KC,2026-09-24T02:16:47Z
1,CTaylor 1,3A,MIA,2026-09-24T02:02:26Z
1,Jake’s Irish 1,3A,SF,2026-09-23T21:03:43Z
1,Nickels 1,3A,NO,2026-09-21T12:56:26Z
1,Ray LaMarca 1,3A,GB,2026-09-22T23:48:34Z
1,Livia LaMarca 1,3A,SEA,2026-09-21T16:28:09Z
1,Al H. 1,3A,SF,2026-09-24T02:16:59Z
1,Triplebill 1,3A,KC,2026-09-23T10:56:47Z
1,Homeslice 1,3A,SF,2026-09-23T18:46:25Z
1,Team Green 1,3A,GB,2026-09-21T13:30:30Z
1,Mike 1,3A,DET,2026-09-27T13:42:42Z
1,Gina M. 1,3A,DET,2026-09-27T15:27:42Z
1,Taylor 1,3A,LV,2026-09-27T15:34:01Z
1,Awes 1,3A,GB,2026-09-24T12:28:31Z
1,Cara C 1,3A,SEA,2026-09-27T16:19:47Z
1,Collin C 1,3A,KC,2026-09-27T16:19:26Z
1,Cannon 1,3A,SF,2026-09-26T14:19:32Z
1,Stroking My Ditka 1,3A,BUF,2026-09-23T23:58:19Z
1,Lane Johnsons the goat 1,3A,KC,2026-09-21T01:06:44Z
1,KATIE 1,3A,IND,2026-09-21T13:14:26Z
1,Tenacious 218ers 1,3A,KC,2026-09-25T09:30:13Z
1,The Hip 1,3A,DET,2026-09-23T14:55:05Z
1,Rilels 1,3A,CHI,2026-09-28T14:59:52Z
1,Rilels101 1,3A,SF,2026-09-23T01:08:42Z
1,Kitty 1,3A,BUF,2026-09-24T15:41:40Z
1,AJ 1,3A,GB,2026-09-24T13:16:38Z
1,BadaBehm 1,3A,GB,2026-09-21T01:53:44Z
1,Gaboni 1,3A,GB,2026-09-24T14:51:36Z
1,Gaboni 2 1,3A,CAR,2026-09-26T19:10:13Z
1,Keith Oerther 1,3A,BUF,2026-09-21T15:50:48Z
1,Keith Oerther 2 1,3A,GB,2026-09-21T15:51:15Z
1,GopherNation! 1,3A,KC,2026-09-25T14:48:20Z
1,Sathre 1,3A,SEA,2026-09-23T13:30:59Z
1,A.K.A. King Gio 1,3A,SF,2026-09-27T07:18:08Z
1,Grand 1,3A,GB,2026-09-24T15:41:45Z
1,.buckle up 1,3A,SEA,2026-09-27T06:01:03Z
1,tkirchgraber 1,3A,NE,2026-09-27T01:36:55Z
1,Fro 1,3A,KC,2026-09-23T15:11:08Z
1,Simanek 1,3A,GB,2026-09-23T22:07:36Z
1,Winth 1,3A,DET,2026-09-23T19:58:47Z
1,PhatBoyz1 1,3A,NO,2026-09-27T13:28:12Z
1,Adam 1 1,3A,SF,2026-09-24T14:42:22Z
1,lance manion 1,3A,BUF,2026-09-22T04:36:52Z
1,Kitt's Picks 1,3A,DET,2026-09-23T17:55:17Z
1,tchristl 1,3A,GB,2026-09-21T13:49:28Z
1,SJU 1,3A,GB,2026-09-23T23:19:42Z
1,Skidmark 1,3A,KC,2026-09-21T02:31:27Z
1,Unregulated 1,3A,GB,2026-09-24T23:54:39Z
1,BigRamses1 1,3A,GB,2026-09-24T15:43:57Z
1,BigRamses2 1,3A,KC,2026-09-24T15:42:49Z
1,BigRamses3 1,3A,DET,2026-09-24T15:43:21Z
1,TommyGun 1,3A,SF,2026-09-22T01:50:52Z
1,Drool 1,3A,NYG,2026-09-22T15:27:15Z
1,OMB 1,3A,GB,2026-09-20T23:34:15Z
1,RabidGophers 1,3A,GB,2026-09-21T14:24:30Z
1,Nulmer 1,3A,DET,2026-09-23T15:13:54Z
1,Crewton 1,3A,DET,2026-09-23T14:20:03Z
1,D-dog 1,3A,DET,2026-09-23T17:27:14Z
1,Honolulu Blues 1,3A,MIN,2026-09-26T01:59:31Z
1,Hockey papa 1 1,3A,SEA,2026-09-23T20:44:14Z
1,Hockey papa 2 1,3A,SF,2026-09-23T20:43:20Z
1,Liamo 1,3A,PHI,2026-09-23T00:30:13Z
1,CJ2 1,3A,MIN,2026-09-26T00:29:31Z
1,Chris Mrnak 1,3A,SEA,2026-09-25T22:12:21Z
1,John DesJardins 1,3A,MIA,2026-09-25T00:00:38Z
1,Halftrack 1,3A,CIN,2026-09-26T23:41:56Z
1,Mike Tango 1,3A,SF,2026-09-24T21:37:59Z
1,Fighting Irish Girl 1,3A,BUF,2026-09-24T22:51:40Z
1,Rat Picks 1,3A,SEA,2026-09-23T14:58:45Z
1,Finnegan Picks 1,3A,ATL,2026-09-23T14:57:48Z
1,DLH5 1,3A,IND,2026-09-25T19:28:51Z
1,MrOct20 1,3A,MIA,2026-09-27T16:10:40Z
1,J H 1,3A,SF,2026-09-27T19:31:41Z
1,jfkhyland 1,3A,SF,2026-09-24T02:35:19Z
1,Jon Swanson 1,3A,SF,2026-09-26T15:38:33Z
1,Boston1600 1,3A,SEA,2026-09-24T01:27:00Z
1,AI Andy 1,3A,KC,2026-09-23T14:43:18Z
1,Tolly 1,3A,SEA,2026-09-25T03:20:45Z
1,gp-23 1,3A,SF,2026-09-24T17:22:06Z
1,The Kommish #1 1,3A,DET,2026-09-23T21:57:43Z
1,The Kommish #2 1,3A,SEA,2026-09-23T22:02:10Z
1,GABE 1,3A,KC,2026-09-24T00:27:29Z
1,MastaBlasta 1,3A,DET,2026-09-27T16:30:38Z
1,The Algorithm 1,3A,KC,2026-09-27T15:01:46Z
1,JAC 1,3A,KC,2026-09-24T00:53:16Z
1,Bob's picks 1,3A,NYJ,2026-09-23T14:03:02Z
1,Lljuergs 1,3A,NO,2026-09-24T11:42:42Z
1,Richard Olson 1,3A,SF,2026-09-27T17:55:03Z
1,English 1 1,3A,KC,2026-09-24T01:57:18Z
1,English 2 1,3A,KC,2026-09-24T01:57:23Z
1,English 3 1,3A,MIA,2026-09-24T01:57:28Z
1,English 4 1,3A,SF,2026-09-24T01:57:37Z
1,Hugo 1,3A,KC,2026-09-24T01:57:46Z
1,KinMN 1,3A,BUF,2026-09-22T01:46:37Z
1,Travis K 1,3A,DET,2026-09-26T19:56:49Z
1,Nick3l City 1,3A,GB,2026-09-24T23:50:21Z
1,Jason Jansen 1,3A,NO,2026-09-24T18:51:29Z
1,Sarah Fazendin 1,3A,JAX,2026-09-23T22:03:28Z
1,The Dark Knights 1,3A,NYG,2026-09-24T02:34:43Z
1,slyoss 1,3A,KC,2026-09-27T04:55:23Z
1,Calvin 1,3A,DET,2026-09-25T15:10:03Z
1,PS1 1,3A,GB,2026-09-22T17:11:10Z
1,Karen 1,3A,SEA,2026-09-25T06:32:13Z
1,Jonathan Rosen 1,3A,KC,2026-09-24T17:12:47Z
1,Barney 1,3A,BUF,2026-09-25T19:21:31Z
1,Polly 1,3A,KC,2026-09-25T19:21:45Z
1,IHATEWISCO 1,3A,CLE,2026-09-27T15:37:16Z
1,IHATEWISCO2 1,3A,SF,2026-09-27T15:37:43Z
1,IHATEWISCO3 1,3A,BAL,2026-09-27T15:37:57Z
1,the drake 1,3A,KC,2026-09-23T18:57:58Z
1,Rhodekill 1,3A,GB,2026-09-22T01:55:13Z
1,Weichert 1,3A,ARI,2026-09-27T13:05:56Z
1,riley4 1,3A,SF,2026-09-26T17:42:31Z
1,A.Lewis 1,3A,GB,2026-09-23T04:26:29Z
1,Mal 1,3A,SF,2026-09-24T03:12:53Z
1,Trevor Caliebe 1,3A,NYJ,2026-09-23T16:33:17Z
1,MikeM 1,3A,NYJ,2026-09-27T13:57:05Z
1,JessiMain 1,3A,GB,2026-09-22T01:03:58Z
1,C Markley 1,3A,NYJ,2026-09-22T16:43:20Z
1,Double Ds 1,3A,DET,2026-09-21T14:42:28Z
1,kfin10 1,3A,NO,2026-09-25T19:24:03Z
1,yogi 1 1,3A,PHI,2026-09-26T01:25:54Z
1,ryan miller 1,3A,DET,2026-09-27T07:21:24Z
1,Buffalo Bills# 1,3A,CIN,2026-09-23T15:08:18Z
1,Buffalo Bille#2 1,3A,SF,2026-09-23T15:08:40Z
1,Buffalo Bille#3 1,3A,MIA,2026-09-23T15:07:15Z
1,Buffalo Bille#4 1,3A,PHI,2026-09-23T15:07:57Z
1,billT 1,3A,SF,2026-09-22T22:38:13Z
1,BillsMafiaJA17 1,3A,KC,2026-09-21T02:09:20Z
1,Tulsa Packer Backers 1,3A,CAR,2026-09-22T14:31:19Z
1,Jrusso 1,3A,DET,2026-09-23T18:39:27Z
1,Lani and Wyatt 1,3A,NO,2026-09-23T16:41:28Z
1,AndrewL 1,3A,CLE,2026-09-21T18:49:09Z
1,Rizzio 1,3A,SEA,2026-09-24T23:42:43Z
1,Bunker Pro 1,3A,BUF,2026-09-27T00:03:20Z
1,SamVarghese#1 1,3A,DET,2026-09-23T07:12:47Z
1,SamVarghese#2 1,3A,BUF,2026-09-27T16:39:44Z
1,SamVarghese#3 1,3A,SF,2026-09-23T07:13:54Z
1,The Tavern 1,3A,BUF,2026-09-27T13:49:32Z
1,.ZF 1,3A,SF,2026-09-22T14:54:24Z
1,Clemdoggers 1,3A,NO,2026-09-23T00:20:38Z
1,gary 1,3A,KC,2026-09-25T22:11:04Z
1,gary f #2 1,3A,SEA,2026-09-27T15:38:19Z
1,KarnG 1,3A,PHI,2026-09-25T18:16:47Z
1,KarnG2 1,3A,SEA,2026-09-25T18:17:03Z
1,KarnG3 1,3A,SEA,2026-09-25T18:17:08Z
1,Karn 1,3A,KC,2026-09-24T17:01:49Z
1,ShawnD 1 1,3A,PHI,2026-09-27T20:58:12Z
1,TwentyFour 1,3A,NYG,2026-09-27T15:39:49Z
1,Bren 1,3A,KC,2026-09-24T00:21:01Z
1,Early Exit 1,3A,DET,2026-09-27T15:15:53Z
1,Cryan 1,3A,DET,2026-09-21T02:07:08Z
1,El Guapo 1,3A,SF,2026-09-27T13:14:53Z
1,Amelia's Bedelia's 1,3A,NO,2026-09-27T13:15:00Z
1,nopack25 1,3A,DET,2026-09-26T23:11:51Z
1,akahn 1,3A,GB,2026-09-23T01:34:47Z
1,CSmith311 1,3A,GB,2026-09-21T12:03:31Z
1,Will Dvorak 1,3A,WSH,2026-09-24T00:38:59Z
1,BiggyBoy 1,3A,CAR,2026-09-27T15:37:20Z
1,tom n 1,3A,CAR,2026-09-26T18:38:12Z
1,Tetlow 1,3A,GB,2026-09-23T11:45:04Z
1,Stoepjo 1,3A,SF,2026-09-25T03:13:33Z
1,Montag 1,3A,CAR,2026-09-25T00:54:18Z
1,tom n 2 1,3A,NO,2026-09-26T18:37:25Z
1,Court C 1,3A,NO,2026-09-26T14:19:57Z
1,Kish 1,3A,CIN,2026-09-21T05:25:46Z
1,darcyvikinggirl 1,3A,KC,2026-09-24T02:00:04Z
1,Shot to the Chops 1,3A,ARI,2026-09-22T03:12:26Z
1,gsoda 1,3A,GB,2026-09-08T01:53:09Z
1,Mike Egan 1,3A,GB,2026-09-23T15:43:50Z
1,Jennie-O2 1,3A,KC,2026-09-25T00:06:35Z
1,scaliebe 1,3A,NYG,2026-09-22T10:51:02Z
1,NicTatarek4 1,3A,TB,2026-09-26T05:11:29Z
1,Carson 1,3A,GB,2026-09-24T02:30:59Z
1,Sarah Siebert 1,3A,LAC,2026-09-23T00:39:18Z
1,Char 1,3A,KC,2026-09-23T00:32:24Z
1,Ben Siebert 1,3A,GB,2026-09-21T20:49:34Z
1,Steiger Family 1,3A,KC,2026-09-25T17:04:35Z
1,Dennis/Sheik 1,3A,KC,2026-09-27T15:14:48Z
1,Dennis/SheikJointPick 1,3A,SF,2026-09-27T16:06:14Z
1,Sheik/Dennis 1,3A,BUF,2026-09-27T16:00:22Z
1,Sheik/DennisJointPick 1,3A,DET,2026-09-27T16:06:52Z
1,Kim 1,3A,MIN,2026-09-27T14:36:55Z
1,Neums 1,3A,DET,2026-09-22T19:35:43Z
1,Killer01 1,3A,KC,2026-09-27T04:10:41Z
1,Killer02 1,3A,SEA,2026-09-27T04:11:15Z
1,Jacob Kost 1,3A,CIN,2026-09-23T17:55:16Z
1,Theo G 1,3A,KC,2026-09-23T16:00:01Z
1,JohnD 1,3A,SEA,2026-09-27T15:02:36Z
1,Dan Burnstine 1,3A,GB,2026-09-23T13:34:29Z
1,Clarkesworld 1,3A,SF,2026-09-22T03:23:38Z
1,Team Callipygian 1,3A,GB,2026-09-22T11:54:08Z
1,Flickertails 1,3A,DET,2026-09-21T11:47:27Z
1,&rusko3 1,3A,SF,2026-09-21T14:15:27Z
1,Tyler Battle 1,3A,CAR,2026-09-22T14:52:22Z
1,Brian Becker 1,3A,BUF,2026-09-24T00:30:27Z
1,Jobu's Rum 1,3A,NO,2026-09-25T12:28:16Z
1,Sherlock 1,3A,GB,2026-09-24T13:58:52Z
1,Kirk DaSquatch_1 1,3A,TEN,2026-09-24T12:35:43Z
1,Kirk DaSquatch_2 1,3A,LAC,2026-09-24T12:36:18Z
1,Kirk DaSquatch_3 1,3A,DET,2026-09-24T12:35:58Z
1,Shawn Williams 1,3A,ARI,2026-09-22T17:07:44Z
1,Eric Dennis 1,3A,GB,2026-09-23T17:18:15Z
1,JHunt 1,3A,GB,2026-09-22T17:29:37Z
1,Jeff B 1,3A,SEA,2026-09-22T02:08:35Z
1,Kraigisley 1,3A,KC,2026-09-24T12:00:32Z
1,Deontez 1,3A,PHI,2026-09-27T15:39:43Z
1,bjoachim 1,3A,KC,2026-09-21T13:59:15Z
1,Jahoobies 1,3A,MIA,2026-09-25T17:57:48Z
1,Grandview Zebras 1,3A,SF,2026-09-21T01:49:36Z
1,Bantam Jags! 1,3A,WSH,2026-09-23T19:46:39Z
1,The Committee 1,3A,GB,2026-09-23T19:53:14Z
1,Chico's Bail Bonds 1,3A,KC,2026-09-27T15:42:02Z
1,Dave LaFond 1,3A,BUF,2026-09-21T18:27:10Z
1,Fish1013Sr 1,3A,MIA,2026-09-22T05:17:08Z
1,Smiling Assassin 1,3A,ATL,2026-09-22T19:10:17Z
1,Whole mess of crepes 1,3A,SEA,2026-09-23T14:48:16Z
1,MNBadger 1,3A,KC,2026-09-24T14:06:12Z
1,JRTOLLY 1,3A,ATL,2026-09-23T16:21:59Z
1,Jonathan F 1,3A,GB,2026-09-22T19:09:40Z
1,605-4-Life 1,3A,NYJ,2026-09-20T22:57:17Z
1,Poodzee is the 1,3A,BUF,2026-09-26T18:39:10Z
1,SDSU Jacks # 1,3A,KC,2026-09-20T22:57:35Z
1,Boomer 1,3A,GB,2026-09-23T14:28:44Z
1,Nick Latzke 1,3A,KC,2026-09-24T20:16:00Z
1,Thakur 1,3A,MIA,2026-09-27T14:23:10Z
1,Thiglife50 1,3A,GB,2026-09-24T22:39:15Z
1,Smitdog 1,3A,DET,2026-09-25T21:09:21Z
1,James @Oakside 1,3A,SF,2026-09-08T20:34:47Z
1,Megs 1,3A,ATL,2026-09-22T13:34:21Z
1,Balls-less Walz 1,3A,SF,2026-09-20T23:41:18Z
1,Brad Willis 1,3A,DET,2026-09-23T14:16:54Z
1,JR MCGINTY 1,3A,BUF,2026-09-27T16:05:09Z
1,IRA 1,3A,GB,2026-09-24T00:07:32Z
1,Ryan P 1 1,3A,GB,2026-09-24T14:29:07Z
1,Ryan P 2 1,3A,NYG,2026-09-24T14:30:09Z
1,Ryan P 3 1,3A,SF,2026-09-24T14:31:02Z
1,Johnny$ 1,3A,DET,2026-09-26T18:45:57Z
1,Fterschan 1,3A,SF,2026-09-23T14:47:07Z
1,Fterschan2 1,3A,GB,2026-09-23T14:47:21Z
1,Nick Hayes 1,3A,SF,2026-09-22T18:00:36Z
1,INITTOWINIT 1,3A,SEA,2026-09-26T15:26:16Z
1,kerf1 1,3A,KC,2026-09-22T18:49:57Z
1,Shanko 1,3A,KC,2026-09-23T00:42:29Z
1,Jokes Sean Can't Take: 1,3A,CAR,2026-09-27T05:56:15Z
1,Basco 1,3A,KC,2026-09-22T17:25:40Z
1,Meg Camp 1,3A,SEA,2026-09-25T00:03:30Z
1,YOURFACE 1,3A,KC,2026-09-22T18:23:58Z
1,Go Hawks 1,3A,TB,2026-09-27T04:21:54Z
1,Gmac01 1,3A,CIN,2026-09-27T15:10:34Z
1,T Woyke 1,3A,NYG,2026-09-14T17:06:38Z
1,SHAKE -N- BAKE 1,3A,NO,2026-09-23T13:31:22Z
1,Mr. Dripley 1,3A,NYG,2026-09-21T20:25:02Z
1,Wariocario 1,3A,NYG,2026-09-21T20:25:10Z
1,Talktoemnice 1,3A,NYG,2026-09-21T20:25:14Z
1,4lilbob 1,3A,NYG,2026-09-26T17:31:02Z
1,MyMercedes 1,3A,MIN,2026-09-23T14:26:58Z
1,tnordland 1,3A,KC,2026-09-27T14:34:30Z
1,Redbull 1,3A,GB,2026-09-24T00:38:32Z
1,Mattulmer05 1,3A,NYJ,2026-09-26T01:13:11Z
1,Buckeye 1,3A,BUF,2026-09-24T00:13:22Z
1,BritOC1 1,3A,KC,2026-09-26T01:02:27Z
1,Mick 1,3A,KC,2026-09-23T01:23:09Z
1,AEnerson 1,3A,BUF,2026-09-22T22:01:13Z
1,JEnerson 1,3A,GB,2026-09-22T22:01:28Z
1,Nettie 1,3A,KC,2026-09-24T17:51:04Z
1,Leg 1,3A,KC,2026-09-23T17:12:28Z
1,PennyB 1,3A,DET,2026-09-26T17:17:29Z
1,Peyton 1,3A,KC,2026-09-23T03:28:37Z
1,Luke 1,3A,SF,2026-09-22T03:10:30Z
1,R&M Picks 1,3A,DET,2026-09-26T00:44:29Z
1,Amanda Diedrich 1,3A,BUF,2026-09-22T15:23:56Z
1,Dave Stencil 1,3A,GB,2026-09-23T14:48:34Z
1,VikeQueen 1,3A,SF,2026-09-24T02:38:17Z
1,Nate Treinen 1,3A,MIA,2026-09-27T16:38:43Z
1,Jills 1,3A,SEA,2026-09-26T16:03:24Z
1,R&M Bot Pick 1,3A,SF,2026-09-26T00:44:02Z
1,R.Sprad 1,3A,TEN,2026-09-27T14:55:03Z
1,Nathan Diedrich 1,3A,KC,2026-09-24T01:12:46Z
1,Colin 1,3A,MIN,2026-09-27T16:55:19Z
1,Cloos 1,3A,KC,2026-09-24T22:14:14Z
1,K Riggs 1,3A,SF,2026-09-22T20:30:53Z
1,TurfToe 1,3A,KC,2026-09-25T13:10:50Z
1,bprochaska 1,3A,KC,2026-09-23T14:18:06Z
1,Dennis tatarek 1,3A,MIA,2026-09-24T18:02:02Z
1,Hunter W 1,3A,GB,2026-09-24T23:01:47Z
1,Midnight Mortgage 1,3A,SF,2026-09-24T01:33:10Z
1,Slipper2112 1,3A,ARI,2026-09-24T20:34:26Z
1,Lay The Points 1,3A,GB,2026-09-24T18:07:45Z
1,moz 1,3A,NYG,2026-09-24T20:26:17Z
1,Shotgun30 1,3A,MIA,2026-09-25T23:36:09Z
1,Dave U 1 1,3A,BUF,2026-09-26T01:13:01Z
1,Eagle 1,3A,KC,2026-09-23T04:35:43Z
1,Eagle2 1,3A,MIA,2026-09-23T04:36:19Z
1,Eagle3 1,3A,SEA,2026-09-23T04:36:58Z
1,Savvy and the Flea Flickers 1,3A,CAR,2026-09-27T13:03:20Z
1,Espy and the Flea Flickers 1,3A,CLE,2026-09-27T13:00:24Z
1,Joewillie 1,3A,KC,2026-09-20T22:21:59Z
1,Assistant Director Sherlock 1,3A,BUF,2026-09-24T17:42:04Z
1,AD Sherlock II 1,3A,KC,2026-09-24T17:43:41Z
1,Gina Nelson 1,3A,DET,2026-09-25T00:38:43Z
1,Mike GPG 1,3A,SEA,2026-09-23T02:52:32Z
1,Tennesseeriverballhawk 1,3A,KC,2026-09-25T17:23:31Z
1,rslipka 1,3A,GB,2026-09-24T19:44:21Z
1,Schippy 1,3A,SF,2026-09-20T20:57:20Z
1,Troy Michaels 1,3A,BUF,2026-09-27T15:34:20Z
1,Stephenjm 1,3A,KC,2026-09-26T20:08:15Z
1,Bennyboy 1,3A,ATL,2026-09-21T15:17:27Z
1,Phil Lombardi 1,3A,KC,2026-09-24T20:31:11Z
1,laruffa 1,3A,GB,2026-09-24T23:08:26Z
1,Show Pony 1,3A,SF,2026-09-27T18:21:52Z
1,Fish jr 1,3A,SF,2026-09-27T13:21:07Z
1,Fish jr 2 1,3A,ARI,2026-09-27T13:19:26Z
1,Fishjr3 1,3A,KC,2026-09-27T13:20:22Z
1,BrentBrenton 1,3A,NE,2026-09-21T22:46:57Z
1,Tyler O 1,3A,SEA,2026-09-27T16:10:40Z
1,LandonLaMarca 1,3A,SEA,2026-09-23T15:06:52Z
1,Travis Swift 1,3A,BUF,2026-09-22T18:00:36Z
1,RevengeoftheMahomes 1,3A,KC,2026-09-24T10:30:42Z
1,shanej82 1,3A,DET,2026-09-23T15:04:23Z
1,Loser 1,3A,SF,2026-09-23T17:30:54Z
1,Procure 1,3A,KC,2026-09-23T17:53:54Z
1,Henry Odens 1,3A,CAR,2026-09-24T19:25:40Z
1,Ryan S 1,3A,SF,2026-09-25T23:29:54Z
1,Mash Buttatoes 1,3A,JAX,2026-09-24T23:20:10Z
1,Laxbromike 1,3A,CAR,2026-09-27T13:49:44Z
1,Go Buffs! 1,3A,KC,2026-09-23T15:03:46Z
1,Angie 1,3A,SF,2026-09-27T13:21:24Z
1,Streich 1,3A,SF,2026-09-22T21:48:56Z
1,Skurrdog 1,3A,NO,2026-09-22T16:42:20Z
1,Baldwin 1,3A,TEN,2026-09-25T20:21:25Z
1,Titzer 1,3A,BUF,2026-09-24T20:43:53Z
1,G unit 1,3A,NO,2026-09-22T02:19:22Z
1,Dlandsteiner 1,3A,BUF,2026-09-24T04:58:12Z
1,BabygotDak 1,3A,KC,2026-09-26T06:50:26Z
1,Wendell 1,3A,KC,2026-09-23T23:38:32Z
1,TyshawnLebron 1,3A,PHI,2026-09-24T19:46:46Z
1,Peter Sanford 1,3A,KC,2026-09-23T16:39:10Z
1,Vix 1,3A,SF,2026-09-24T16:47:02Z
1,Matts Marvelous Mystic 1,3A,WSH,2026-09-23T01:55:06Z
1,NYBarbie 1,3A,SF,2026-09-27T15:39:32Z
1,TXrunningman 1,3A,SEA,2026-09-22T19:47:02Z
1,Que 1,3A,KC,2026-09-23T15:28:46Z
1,Phi43 1,3A,NO,2026-09-26T22:50:45Z
1,DirtyBird 1,3A,KC,2026-09-23T21:42:29Z
1,vourni 1,3A,SF,2026-09-25T03:08:00Z
1,Witzee 1,3A,BUF,2026-09-23T00:51:15Z
1,jfleeck 1,3A,GB,2026-09-24T14:35:01Z
1,Bombers1 1,3A,WSH,2026-09-23T13:40:49Z
1,Bombers2 1,3A,KC,2026-09-23T13:41:48Z
1,DutchOven 1,3A,TB,2026-09-24T01:46:07Z
1,FredG 1,3A,BUF,2026-09-26T23:14:48Z
1,BDB116 1,3A,CIN,2026-09-27T16:25:28Z
1,JoeDemyLocks 1,3A,KC,2026-09-23T18:17:34Z
1,Nelli 1,3A,DET,2026-09-22T18:33:54Z
1,Heinecke 1,3A,SF,2026-09-23T02:11:00Z
1,Spencer Kelly 1,3A,SF,2026-09-27T14:03:41Z
1,Benbewinning 1,3A,KC,2026-09-24T02:12:06Z
1,Jen Frank 1,3A,ATL,2026-09-22T03:13:26Z
1,NJV 1,3A,DET,2026-09-21T15:40:55Z
1,Half Pint Hagen 1,3A,SEA,2026-09-24T20:46:09Z
1,Wernz whiffs 1,3A,KC,2026-09-22T20:46:02Z
1,MKeegan 1,3A,DET,2026-09-23T16:32:17Z
1,Too Much Estrogen 1,3A,WSH,2026-09-22T01:48:53Z
1,Stella's Got Game 1,3A,SEA,2026-09-22T03:37:59Z
1,Team 3 1,3A,SF,2026-09-23T14:50:20Z
1,Mmcginty 1,3A,CAR,2026-09-27T14:34:33Z
1,Skoaldier 1,3A,MIN,2026-09-27T16:02:17Z
1,Patriots1 1,3A,DET,2026-09-27T04:56:44Z
1,Patriots2 1,3A,CAR,2026-09-27T04:56:28Z
1,Patriots3 1,3A,SF,2026-09-27T04:55:58Z
1,FLESHFLOWERS 1,3A,SF,2026-09-26T16:20:05Z
1,AndrewJ 1,3A,BUF,2026-09-26T17:21:22Z
1,Zweber 1,3A,SF,2026-09-27T15:31:23Z
1,Valski 1,3A,PHI,2026-09-27T16:05:43Z
1,Car Ramrod 1,3A,KC,2026-09-26T20:59:18Z
1,Jennie-O 3 1,3A,NO,2026-09-25T00:06:59Z
1,Mills78 1,3A,SF,2026-09-24T12:43:14Z
1,Big Blue 1,3A,SF,2026-09-24T03:25:34Z
1,CharlieOdens 1,3A,NO,2026-09-27T15:53:23Z
1,Spartans 1,3A,CLE,2026-09-15T00:50:20Z
1,Rosco P. Coltrane 1,3A,SF,2026-09-23T00:20:04Z
1,Valski 3 1,3A,JAX,2026-09-27T16:05:12Z
1,Joel Odens 1,3A,DET,2026-09-24T19:29:15Z
1,Colbster88 1,3A,MIN,2026-09-25T02:18:48Z
1,Homeyjoe 1,3A,DET,2026-09-22T15:36:38Z
1,Fredski 1,3A,DET,2026-09-27T16:05:18Z
1,Wojcik1 1,3A,GB,2026-09-24T23:09:06Z
1,Wojcik2 1,3A,NO,2026-09-24T23:10:33Z
1,Wojcik4 1,3A,DET,2026-09-24T23:09:32Z
1,Wojcik3 1,3A,KC,2026-09-24T23:09:41Z
1,Jordan Dvorak 1,3A,BUF,2026-09-25T02:17:10Z
1,MandB 1,3A,BUF,2026-09-24T22:22:22Z
1,Terhune 1,3A,SF,2026-09-24T16:20:22Z
1,AShores88 1,3A,KC,2026-09-24T23:57:49Z
1,Sweettits 1,3A,SF,2026-09-23T03:44:14Z
1,Shores 1,3A,KC,2026-09-24T02:47:49Z
1,Jake Bazella 1,3A,NYG,2026-09-26T14:46:48Z
1,WeRunSolo 1,3A,KC,2026-09-21T11:32:25Z
1,Spoonman 1,3A,DET,2026-09-26T17:43:30Z
1,Evanhanz 1,3A,SF,2026-09-27T18:02:47Z
1,Kiko 1,3A,BUF,2026-09-22T03:56:57Z
1,The Pigskin 1,3A,SEA,2026-09-26T22:00:20Z
1,Coates55 1,3A,ARI,2026-09-24T03:32:17Z
1,TKerl 1,3A,CIN,2026-09-24T01:36:27Z
1,Odawg 1,3A,GB,2026-09-21T18:00:09Z
1,destiny01 1,3A,KC,2026-09-21T04:54:54Z
1,DonHollywood 1,3A,MIA,2026-09-24T07:25:47Z
1,Cory  S 1,3A,BUF,2026-09-21T10:28:00Z
1,LFS108 1,3A,KC,2026-09-24T03:31:38Z
1,EZ Does It!! 1,3A,KC,2026-09-25T11:55:17Z
1,DirtyBirdie 1,3A,KC,2026-09-26T22:34:02Z
1,#Kevin 1,3A,BUF,2026-09-21T14:40:42Z
1,Ntap_chris 1,3A,GB,2026-09-23T11:33:33Z
1,sdanciak 1,3A,ARI,2026-09-22T11:59:33Z
1,Fred P 1,3A,MIA,2026-09-21T02:41:54Z
1,Brain 1,3A,BUF,2026-09-24T01:29:23Z
1,MarkO 1,3A,GB,2026-09-21T16:42:15Z
1,Annabeth 1,3A,KC,2026-09-21T17:07:34Z
1,Victor D 1,3A,KC,2026-09-23T14:04:38Z
1,CaliB 1,3A,KC,2026-09-23T16:05:04Z
1,Paul Bury 1,3A,GB,2026-09-23T04:10:02Z
1,Godzilla 1,3A,CIN,2026-09-24T21:32:48Z
1,Erin Roth 1,3A,SF,2026-09-25T01:15:02Z
1,BDvorak 1,3A,KC,2026-09-27T14:30:17Z
1,PK 1,3A,SF,2026-09-27T18:47:18Z
1,PK2 1,3A,MIN,2026-09-27T18:48:20Z
1,PK3 1,3A,PHI,2026-09-27T18:48:13Z
1,The Modern Day Maharaja 4 1,3A,SEA,2026-09-24T00:55:56Z
1,SMU 1,3A,SF,2026-09-27T19:45:53Z
1,CrazyMonkey 1,3A,KC,2026-09-21T17:49:45Z
1,Kbecks 1,3A,PHI,2026-09-24T00:31:36Z
1,Smallz 1,3A,NO,2026-09-27T18:33:13Z
1,WildernessNinjas 1,3A,MIN,2026-09-22T03:59:28Z
1,LukeC 1,3A,KC,2026-09-22T00:06:09Z
1,Fishhead 1,3A,DET,2026-09-27T16:06:41Z
1,The Gambit 1,3A,SF,2026-09-27T15:01:19Z
1,Danielle Caliebe 1,3A,KC,2026-09-24T11:21:30Z
1,Cheryl 1,3A,BAL,2026-09-25T14:21:22Z
1,BigPlayJ 1,3A,GB,2026-09-24T15:23:58Z
1,Children of the Corn 1,3A,ARI,2026-09-24T19:06:57Z
1,BusterJunior 1,3A,SEA,2026-09-25T01:22:41Z
1,JJ’s Winners 1 1,3A,JAX,2026-09-24T01:02:48Z
1,Vodka Sota 1,3A,DET,2026-09-27T15:47:40Z
1,Horseshoe 1,3A,DET,2026-09-23T19:32:44Z
1,Kevin Klawitter 1,3A,DET,2026-09-24T02:09:37Z
1,Kristi Klawitter 1,3A,DET,2026-09-24T02:41:45Z
1,Alex Klawitter 1,3A,WSH,2026-09-24T02:08:39Z
1,Nschram 1,3A,BUF,2026-09-27T13:17:13Z
1,Andrew K 1,3A,KC,2026-09-23T14:48:39Z
1,Steve Demy 1,3A,BUF,2026-09-27T00:35:14Z
1,Becky 1,3A,DET,2026-09-25T02:27:36Z
1,TMC47 1,3A,KC,2026-09-22T15:15:23Z
1,GI 1,3A,GB,2026-09-24T13:35:48Z
1,Devin’s Picks 1,3A,SF,2026-09-14T19:54:07Z
1,Dice7126 1,3A,GB,2026-09-23T14:50:44Z
1,Cat 1,3A,KC,2026-09-26T11:34:51Z
1,Swarner 1,3A,SF,2026-09-27T14:40:40Z
1,Ron Burhite 1,3A,KC,2026-09-23T03:09:05Z
1,SandmanReject 1,3A,GB,2026-09-24T23:50:29Z
1,Rsmart 1,3A,SF,2026-09-27T14:44:31Z
1,Cheney 1,3A,MIN,2026-09-25T02:42:49Z
1,BigW 1,3A,TEN,2026-09-27T00:43:04Z
1,Destroyer 1,3A,KC,2026-09-24T02:18:08Z
1,BERP 1,3A,NYG,2026-09-26T13:20:53Z
1,LLD 1,3A,DET,2026-09-25T01:57:00Z
1,DiederichNS 1,3A,PHI,2026-09-27T17:36:27Z
1,RJRT 1,3A,GB,2026-09-22T02:02:19Z
1,Berns Bags and Friends 1,3A,NO,2026-09-24T02:30:14Z
1,-EV. 1,3A,DET,2026-09-24T00:48:17Z
1,martens 22 1,3A,BUF,2026-09-24T00:47:27Z
1,martens22 1,3A,DET,2026-09-24T00:48:24Z
1,MAX 1 1,3A,KC,2026-09-22T03:33:25Z
1,MAX 2 1,3A,SF,2026-09-22T03:34:49Z
1,Jeff Stewardson 1,3A,KC,2026-09-27T02:48:35Z
1,UACATS26 1,3A,GB,2026-09-24T15:42:24Z
1,Goodfellas 1,3A,CAR,2026-09-21T05:18:01Z
1,Dang 1,3A,NYG,2026-09-21T14:57:11Z
1,Old Gregg 1,3A,GB,2026-09-24T23:44:44Z
1,Mabel Miranda 1,3A,KC,2026-09-24T13:31:09Z
1,enerson413 1,3A,KC,2026-09-24T00:33:22Z
1,Showtime 1,3A,TEN,2026-09-27T16:26:54Z
1,Papa Funk 1 1,3A,SEA,2026-09-27T11:11:54Z
1,AngelaW-K 1,3A,DEN,2026-09-20T16:37:26Z
1,Vikingstothebowl 1,3A,GB,2026-09-24T23:11:38Z
1,Yosemite Sam 1,3A,DET,2026-09-26T18:29:50Z
1,Coop 1,3A,CHI,2026-09-26T16:53:58Z
1,Knucklesdeep 1,3A,KC,2026-09-26T22:46:40Z
1,Derek K 1,3A,KC,2026-09-27T14:43:58Z
1,Winner Winner 1,3A,BUF,2026-09-24T22:58:24Z
1,L.Greenwood 1,3A,CAR,2026-09-27T16:55:37Z
1,Robbie Bobby 1,3A,SF,2026-09-27T15:52:22Z
1,Brian Hanson 1,3A,KC,2026-09-27T13:55:26Z
1,Greg Lau 1,3A,ARI,2026-09-24T20:13:11Z
1,TWS 1,3A,NO,2026-09-23T20:39:06Z
1,Matty Ice 1,3A,TB,2026-09-27T16:47:46Z
1,Gina 1 1,3A,JAX,2026-09-27T15:32:01Z
1,It's Our Time 1,3A,NO,2026-09-27T16:27:01Z
1,Val Estrada 1,3A,BUF,2026-09-27T13:39:31Z
1,Cellar Door 1,3A,SEA,2026-09-24T15:45:01Z
1,Edina Jayhawk 1,3A,NO,2026-09-21T12:41:33Z
1,Page88 1,3A,DET,2026-09-20T08:10:06Z
1,Roaming Rooster 1,3A,SF,2026-09-24T09:35:40Z
1,Cash 1,3A,SEA,2026-09-22T03:36:39Z
1,Show me your TDs 1,3A,KC,2026-09-27T14:48:54Z
1,Tatarekt 1,3A,SF,2026-09-27T04:05:20Z
1,Irish1 1,3A,CLE,2026-09-26T00:33:43Z
1,Irish2 1,3A,NO,2026-09-26T00:34:36Z
1,Whig 1,3A,BUF,2026-09-26T13:41:31Z
1,BigCat#30 - 44 1,3A,KC,2026-09-27T16:26:17Z
1,Bigcat#30 - 45 1,3A,KC,2026-09-27T16:26:20Z
1,Skol to the Bowl 1,3A,PHI,2026-09-25T00:45:52Z
1,Benihana 1,3A,SEA,2026-09-27T01:54:38Z
1,Revenge of the Vrabes 1,3A,GB,2026-09-24T21:40:32Z
1,JCG 1,3A,SEA,2026-09-27T08:31:11Z
1,LAH 1,3A,PHI,2026-09-28T15:19:55Z
1,Cecil G 1,3A,GB,2026-09-24T14:55:42Z
1,Pooter 1,3A,ARI,2026-09-23T16:28:00Z
1,Cronsho 1,3A,MIA,2026-09-23T00:47:49Z
1,OneBeforeIDie! 1,3A,DET,2026-09-21T18:25:56Z
1,Rob 1,3A,NO,2026-09-27T15:52:47Z
1,Last Place 1,3A,ARI,2026-09-27T04:44:43Z
1,Last Place 2 1,3A,SEA,2026-09-27T04:43:16Z
1,Matthew Cox 1,3A,KC,2026-09-27T13:19:56Z
1,Proasscoach 1,3A,ATL,2026-09-24T23:49:49Z
1,Angiegirl 1,3A,BUF,2026-09-21T07:27:32Z
1,MadChunkyMonkey 1,3A,BUF,2026-09-27T14:14:57Z
1,Quinn13 1,3A,NO,2026-09-23T15:48:32Z
1,Mookie 1,3A,BUF,2026-09-24T17:06:29Z
1,Evo 4G63 Lover 1,3A,LAR,2026-09-27T22:18:11Z
1,JM 1,3A,BUF,2026-09-22T01:12:48Z
1,Brainjw 1,3A,CAR,2026-09-25T17:06:20Z
1,Jesse Martin 1,3A,KC,2026-09-27T01:55:18Z
1,Blood Sweat and Beers 1,3A,KC,2026-09-27T16:55:00Z
1,Chrosho2 1,3A,WSH,2026-09-23T00:48:01Z
1,Kevin Vig 1,3A,DET,2026-09-27T16:54:39Z
1,Panthers Win It All! 1,3A,CHI,2026-09-27T18:28:10Z
1,Nyctao 1,3A,DET,2026-09-24T00:19:33Z
1,Mr Ed 1,3A,SF,2026-09-27T18:26:05Z
2,Stow 2,3A,SEA,2026-09-25T03:20:45Z
2,BankofMarquis 2,3A,DET,2026-09-23T14:40:39Z
2,BossHogg 2,3A,SEA,2026-09-27T11:52:03Z
2,Duncan 2,3A,WSH,2026-09-21T16:25:48Z
2,Dobolicious 2,3A,KC,2026-09-25T01:16:47Z
2,QueenJoanie 2,3A,GB,2026-09-20T23:02:59Z
2,ButterBob 2,3A,NO,2026-09-23T23:44:37Z
2,Larry Hess 2,3A,WSH,2026-09-22T14:16:48Z
2,RecklessDZ 2,3A,CAR,2026-09-24T00:45:18Z
2,Oki 2,3A,NO,2026-09-27T14:59:02Z
2,Tim The Enchanter 2,3A,DET,2026-09-22T16:12:53Z
2,RobbyMcRobface 2,3A,KC,2026-09-23T14:29:31Z
2,Kory Isley 2,3A,KC,2026-09-27T14:41:10Z
2,Chronos 2,3A,KC,2026-09-23T22:16:37Z
2,Todd G 2,3A,GB,2026-09-22T15:47:50Z
2,Brady G 2,3A,KC,2026-09-24T12:58:51Z
2,Robert Dean 2,3A,NYJ,2026-09-23T17:12:10Z
2,RudyIrish 2,3A,CAR,2026-09-23T15:48:43Z
2,kitten 2,3A,KC,2026-09-25T13:25:02Z
2,JL2320 2,3A,SF,2026-09-23T15:10:21Z
2,Kathy S 2,3A,SF,2026-09-21T23:27:02Z
2,Susan K 2,3A,GB,2026-09-22T20:56:15Z
2,HSJL 2,3A,BUF,2026-09-25T23:10:29Z
2,Scoots28 2,3A,SF,2026-09-24T01:23:41Z
2,Masterdeflater 2,3A,CIN,2026-09-22T16:01:00Z
2,sweat hogs 2,3A,SF,2026-09-27T11:57:45Z
2,Muskhogeans 2,3A,GB,2026-09-24T11:50:05Z
2,shogi 2,3A,SEA,2026-09-27T11:55:38Z
2,Merril Hoge 2,3A,CIN,2026-09-27T11:54:56Z
2,orthogonal 2,3A,KC,2026-09-27T11:52:54Z
2,Nicks picks 2,3A,SEA,2026-09-21T12:07:27Z
2,PerHansa 2,3A,KC,2026-09-22T04:25:43Z
2,Number 9 2,3A,GB,2026-09-21T02:38:47Z
2,KC Wildcats 2,3A,ATL,2026-09-20T23:08:14Z
2,Mitch's Maniacs 2,3A,SF,2026-09-18T14:24:26Z
2,Bottom Feeder 2,3A,NO,2026-09-24T20:11:58Z
2,Byrdman 2,3A,SF,2026-09-21T13:10:42Z
2,ROTNONE 2,3A,NYG,2026-09-26T11:48:46Z
2,The Rocket 2,3A,ARI,2026-09-21T14:52:00Z
2,CoorsBanquet 2,3A,KC,2026-09-22T23:54:35Z
2,FishKing17 2,3A,TEN,2026-09-27T16:06:38Z
2,Hendricks 2,3A,BUF,2026-09-22T03:20:07Z
2,Karomaro 2,3A,DET,2026-09-24T17:17:31Z
2,SHAQFU19 2,3A,NO,2026-09-21T15:57:49Z
2,Dawn 2,3A,GB,2026-09-22T15:30:00Z
2,Brinkman 2,3A,SF,2026-09-23T14:54:01Z
2,X-Ray 2,3A,SF,2026-09-24T21:59:33Z
2,Drago 2,3A,GB,2026-09-21T14:50:40Z
2,ChrisN 2,3A,GB,2026-09-24T15:14:16Z
2,Gwaz 2,3A,MIA,2026-09-21T00:24:26Z
2,.PALMER 2,3A,NYG,2026-09-21T17:31:37Z
2,DCloud 2,3A,SEA,2026-09-24T16:17:25Z
2,Mac Attack 2,3A,NYG,2026-09-25T15:53:19Z
2,iwasatthesswift-kelcewedding 2,3A,SEA,2026-09-27T13:07:03Z
2,Lep 2,3A,DET,2026-09-24T17:26:08Z
2,Scott Brofman 2,3A,GB,2026-09-23T14:50:19Z
2,CGully 2,3A,KC,2026-09-23T21:07:32Z
2,Tamasi 2,3A,SF,2026-09-21T19:07:53Z
2,Halvey 2,3A,MIA,2026-09-21T14:31:13Z
2,James B 2,3A,TEN,2026-09-27T00:30:41Z
2,Eastside 17 2,3A,BUF,2026-09-24T01:13:07Z
2,Freddy Reyes 2,3A,DET,2026-09-27T15:43:59Z
2,Greenlun 2,3A,DET,2026-09-23T00:41:29Z
2,danohara 2,3A,BUF,2026-09-27T10:36:22Z
2,CTEasymoney 2,3A,SF,2026-09-22T04:50:18Z
2,Get Stiggy With It 2,3A,GB,2026-09-22T17:08:34Z
2,Schwing 2,3A,KC,2026-09-23T00:00:35Z
2,Hain 2,3A,CHI,2026-09-23T19:40:05Z
2,Jacob Goergen 2,3A,DET,2026-09-26T17:39:44Z
2,Danny Heldt 2,3A,SEA,2026-09-22T01:38:16Z
2,Honeycutt 2,3A,BUF,2026-09-22T22:58:36Z
2,Nube 2,3A,GB,2026-09-22T12:19:11Z
2,Alex Allen 2,3A,DET,2026-09-24T02:24:57Z
2,Jeri Lyn 2,3A,SEA,2026-09-24T00:36:23Z
2,RON JANSEN 2,3A,SF,2026-09-23T04:43:24Z
2,ThisIsTheYear 2,3A,KC,2026-09-25T21:29:56Z
2,3Strangedays 2,3A,KC,2026-09-23T00:25:30Z
2,The Lock of the Week 2,3A,KC,2026-09-23T18:29:41Z
2,One Pump Love & Dump 2,3A,GB,2026-09-22T16:37:53Z
2,jpurrington 2,3A,MIA,2026-09-27T15:06:55Z
2,Shannon 2,3A,JAX,2026-09-27T01:21:23Z
2,TonerPirates 2,3A,SEA,2026-09-23T01:55:33Z
2,Redgem 2,3A,DET,2026-09-23T21:06:56Z
2,Eric Sexton 2,3A,NO,2026-09-23T21:43:29Z
2,Bigtippers 2,3A,KC,2026-09-23T15:15:11Z
2,BCAT 2,3A,SF,2026-09-22T09:57:33Z
2,IBian 2,3A,WSH,2026-09-23T17:31:52Z
2,Ibinger 2,3A,DET,2026-09-25T13:38:34Z
2,Kerry S 1 2,3A,KC,2026-09-22T14:48:42Z
2,Psorensen 2,3A,SEA,2026-09-24T13:50:18Z
2,SkolVikes 2,3A,SEA,2026-09-23T18:08:00Z
2,Vendor 2,3A,CIN,2026-09-24T00:47:38Z
2,Alvin 2,3A,GB,2026-09-21T16:43:22Z
2,Marc M 2,3A,DET,2026-09-23T22:34:26Z
2,Teeter 2,3A,SF,2026-09-23T14:53:15Z
2,Tony G 2,3A,SEA,2026-09-22T01:37:08Z
2,SBerecz 2,3A,DET,2026-09-23T19:58:16Z
2,Mongoose 2,3A,GB,2026-09-23T12:34:33Z
2,Fletch 2,3A,GB,2026-09-23T21:35:51Z
2,Morning Chuba 2,3A,KC,2026-09-24T00:16:37Z
2,WZKB 2,3A,CAR,2026-09-22T14:52:12Z
2,AssKickers 2,3A,DET,2026-09-20T23:57:36Z
2,Fielder 2,3A,NO,2026-09-21T16:57:19Z
2,JEG#1 2,3A,DET,2026-09-23T10:43:26Z
2,Cypherhawks 2,3A,NYG,2026-08-28T19:10:47Z
2,Doug Cook 2,3A,DET,2026-09-23T15:15:38Z
2,Clete 2,3A,BUF,2026-09-22T03:50:29Z
2,CEH2O1 2,3A,MIA,2026-09-25T03:48:46Z
2,PB -  jd/ct 2,3A,BUF,2026-09-24T23:35:20Z
2,Bob & Jackie 2,3A,CAR,2026-09-25T00:31:28Z
2,Fairway Ridge 2,3A,MIN,2026-09-23T14:41:29Z
2,JoeyG 2,3A,NO,2026-09-21T14:24:14Z
2,Sidders 2,3A,DET,2026-09-22T15:54:15Z
2,Jimmy McNeil 2,3A,SF,2026-09-20T22:55:09Z
2,Aidan O'Hara 2,3A,DET,2026-09-23T00:24:51Z
2,BigCat#30 - 2,3A,KC,2026-09-27T15:09:33Z
2,Emily 2,3A,CLE,2026-09-24T21:57:34Z
2,Brock 2,3A,KC,2026-09-23T15:49:19Z
2,Puffprincess 👑 2,3A,CAR,2026-09-26T15:52:34Z
2,Josh M. 1 2,3A,SF,2026-09-23T05:00:23Z
2,TJB 2,3A,NO,2026-09-22T22:27:35Z
2,Derek Death 2,3A,DET,2026-09-26T22:34:49Z
2,Mac 2,3A,NO,2026-09-27T13:55:33Z
2,SErickson 2,3A,BUF,2026-09-23T11:03:20Z
2,Morgan Battle 2,3A,WSH,2026-09-21T13:49:16Z
2,Karl Havoc 2,3A,DET,2026-09-21T14:57:52Z
2,TG94 2,3A,KC,2026-09-24T11:34:00Z
2,Skooter 2,3A,WSH,2026-09-21T03:09:03Z
2,Garner 2,3A,GB,2026-09-23T15:32:14Z
2,JFerrell 2,3A,GB,2026-09-23T12:22:57Z
2,BS 2,3A,KC,2026-09-23T02:53:30Z
2,Mike Z. 2,3A,ARI,2026-09-21T04:16:59Z
2,GWhite 2,3A,GB,2026-09-23T20:25:14Z
2,CWHITE 2,3A,GB,2026-09-21T19:45:05Z
2,Luke K 2,3A,CAR,2026-09-24T13:05:36Z
2,Winner # 2,3A,GB,2026-09-22T12:47:52Z
2,BLURRS 2,3A,SF,2026-09-26T19:44:19Z
2,Randall_R 2,3A,DET,2026-09-26T23:29:15Z
2,a.schneck 2,3A,GB,2026-09-24T14:58:50Z
2,J Bud 2,3A,KC,2026-09-20T22:27:39Z
2,Chong Y 2,3A,DET,2026-09-22T13:43:20Z
2,DEVO 2,3A,BUF,2026-09-26T15:12:30Z
2,Tom Rydel 2,3A,SF,2026-09-23T01:56:39Z
2,Raider Haters 2,3A,SF,2026-09-25T22:35:13Z
2,Foost26 2,3A,DET,2026-09-25T00:30:15Z
2,Savage outdoors 2,3A,DET,2026-09-23T14:10:01Z
2,Myers 2,3A,SF,2026-09-24T12:43:26Z
2,Joe Buck Yourself 2,3A,TEN,2026-09-22T09:40:11Z
2,The Modern Day Maharaja 2,3A,ARI,2026-09-24T00:55:18Z
2,Mark O 2,3A,SEA,2026-09-23T18:19:43Z
2,colorado_viking 2,3A,SF,2026-09-27T11:56:24Z
2,Tim Kost 2,3A,DET,2026-09-22T13:15:46Z
2,Original Stephen A 2,3A,GB,2026-09-23T14:54:01Z
2,CTaylor 2,3A,WSH,2026-09-24T02:02:55Z
2,Jake’s Irish 2,3A,KC,2026-09-21T15:39:40Z
2,Nickels 2,3A,GB,2026-09-21T12:56:11Z
2,Ray LaMarca 2,3A,NO,2026-09-22T23:48:57Z
2,Livia LaMarca 2,3A,CAR,2026-09-23T15:03:27Z
2,Triplebill 2,3A,SEA,2026-09-23T10:57:43Z
2,Homeslice 2,3A,SF,2026-09-23T18:47:11Z
2,Team Green 2,3A,GB,2026-09-21T13:30:37Z
2,Mike 2,3A,NO,2026-09-26T20:18:28Z
2,Awes 2,3A,DET,2026-09-24T12:28:41Z
2,KATIE 2,3A,BAL,2026-09-21T13:14:39Z
2,Tenacious 218ers 2,3A,SEA,2026-09-25T09:29:05Z
2,The Hip 2,3A,SF,2026-09-24T15:31:16Z
2,Rilels101 2,3A,CIN,2026-09-25T00:40:06Z
2,AJ 2,3A,NO,2026-09-22T15:56:20Z
2,BadaBehm 2,3A,GB,2026-09-21T01:54:12Z
2,Keith Oerther 2 2,3A,KC,2026-09-21T15:51:29Z
2,GopherNation! 2,3A,SEA,2026-09-25T14:48:28Z
2,Sathre 2,3A,GB,2026-09-23T13:31:56Z
2,A.K.A. King Gio 2,3A,SEA,2026-09-27T07:18:13Z
2,.buckle up 2,3A,ARI,2026-09-22T18:19:00Z
2,tkirchgraber 2,3A,CAR,2026-09-27T01:36:20Z
2,Fro 2,3A,DET,2026-09-23T15:11:26Z
2,Simanek 2,3A,KC,2026-09-23T22:11:26Z
2,PhatBoyz1 2,3A,SF,2026-09-27T13:30:55Z
2,lance manion 2,3A,DET,2026-09-25T17:54:53Z
2,Kitt's Picks 2,3A,SF,2026-09-23T17:55:57Z
2,tchristl 2,3A,KC,2026-09-21T13:49:34Z
2,SJU 2,3A,WSH,2026-09-23T23:21:43Z
2,Skidmark 2,3A,DET,2026-09-21T02:31:59Z
2,Unregulated 2,3A,BUF,2026-09-24T23:54:43Z
2,TommyGun 2,3A,ATL,2026-09-24T12:45:28Z
2,Drool 2,3A,ATL,2026-09-22T15:27:35Z
2,OMB 2,3A,CLE,2026-09-25T14:35:31Z
2,RabidGophers 2,3A,ARI,2026-09-21T14:24:54Z
2,Crewton 2,3A,DET,2026-09-23T14:22:16Z
2,Wheels 2,3A,GB,2026-09-23T15:49:59Z
2,D-dog 2,3A,SEA,2026-09-23T17:27:40Z
2,Honolulu Blues 2,3A,CIN,2026-09-26T02:00:28Z
2,Liamo 2,3A,DET,2026-09-25T05:47:17Z
2,CJ2 2,3A,BAL,2026-09-26T00:30:02Z
2,John DesJardins 2,3A,KC,2026-09-25T00:00:57Z
2,Halftrack 2,3A,NO,2026-09-26T23:43:05Z
2,Fighting Irish Girl 2,3A,MIN,2026-09-24T22:52:41Z
2,Rat Picks 2,3A,CAR,2026-09-25T02:47:39Z
2,MrOct20 2,3A,MIA,2026-09-27T16:10:58Z
2,J H 2,3A,SF,2026-09-27T19:32:00Z
2,jfkhyland 2,3A,SF,2026-09-24T02:36:04Z
2,Jon Swanson 2,3A,NYG,2026-09-26T15:38:43Z
2,Boston1600 2,3A,SEA,2026-09-24T01:26:47Z
2,Tolly 2,3A,SEA,2026-09-25T03:20:45Z
2,gp-23 2,3A,SF,2026-09-24T17:22:24Z
2,GABE 2,3A,KC,2026-09-24T00:27:46Z
2,JAC 2,3A,SEA,2026-09-24T00:53:46Z
2,Bob's picks 2,3A,DET,2026-09-22T12:47:46Z
2,Lljuergs 2,3A,MIN,2026-09-24T11:43:14Z
2,Richard Olson 2,3A,SF,2026-09-27T17:55:13Z
2,Travis K 2,3A,KC,2026-09-23T17:25:18Z
2,joe shred 2,3A,NYJ,2026-09-26T21:03:34Z
2,Nick3l City 2,3A,NO,2026-09-25T02:45:52Z
2,Jason Jansen 2,3A,SF,2026-09-24T18:53:38Z
2,Sarah Fazendin 2,3A,CIN,2026-09-23T22:04:47Z
2,The Dark Knights 2,3A,KC,2026-09-24T02:40:02Z
2,slyoss 2,3A,DET,2026-09-27T04:55:28Z
2,Karen 2,3A,SF,2026-09-25T06:32:36Z
2,the drake 2,3A,ARI,2026-09-23T18:57:11Z
2,Rhodekill 2,3A,KC,2026-09-22T01:56:03Z
2,Weichert 2,3A,BUF,2026-09-27T13:06:37Z
2,A.Lewis 2,3A,SEA,2026-09-23T04:26:56Z
2,Mal 2,3A,KC,2026-09-24T03:13:44Z
2,Trevor Caliebe 2,3A,GB,2026-09-23T16:33:31Z
2,MikeM 2,3A,DET,2026-09-27T13:57:00Z
2,JessiMain 2,3A,DET,2026-09-22T01:05:08Z
2,Double Ds 2,3A,TB,2026-09-25T13:26:05Z
2,yogi 1 2,3A,NO,2026-09-26T01:28:30Z
2,ryan miller 2,3A,KC,2026-09-27T07:21:36Z
2,billT 2,3A,KC,2026-09-22T22:37:49Z
2,BillsMafiaJA17 2,3A,KC,2026-09-21T02:09:28Z
2,Jrusso 2,3A,GB,2026-09-23T18:39:46Z
2,AndrewL 2,3A,GB,2026-09-24T18:43:15Z
2,Rizzio 2,3A,SEA,2026-09-24T23:40:00Z
2,Bunker Pro 2,3A,KC,2026-09-27T00:03:47Z
2,The Tavern 2,3A,BUF,2026-09-27T13:49:37Z
2,.ZF 2,3A,NO,2026-09-22T14:54:39Z
2,Clemdoggers 2,3A,GB,2026-09-23T00:20:58Z
2,Karn 2,3A,BUF,2026-09-24T17:02:03Z
2,TwentyFour 2,3A,CAR,2026-09-27T15:45:41Z
2,Bren 2,3A,SF,2026-09-24T00:24:14Z
2,Early Exit 2,3A,BUF,2026-09-27T15:24:14Z
2,Cryan 2,3A,GB,2026-09-21T02:07:10Z
2,nopack25 2,3A,KC,2026-09-26T23:11:58Z
2,akahn 2,3A,CAR,2026-09-23T01:35:11Z
2,CSmith311 2,3A,GB,2026-09-21T12:03:39Z
2,Will Dvorak 2,3A,DET,2026-09-24T00:45:05Z
2,BiggyBoy 2,3A,DET,2026-09-27T15:39:00Z
2,Tetlow 2,3A,DET,2026-09-23T11:45:17Z
2,Stoepjo 2,3A,GB,2026-09-23T02:26:08Z
2,Kish 2,3A,KC,2026-09-21T05:26:53Z
2,darcyvikinggirl 2,3A,KC,2026-09-24T02:00:11Z
2,Shot to the Chops 2,3A,BUF,2026-09-22T03:12:47Z
2,Mike Egan 2,3A,KC,2026-09-23T15:44:11Z
2,scaliebe 2,3A,SEA,2026-09-22T10:52:05Z
2,NicTatarek4 2,3A,HOU,2026-09-26T05:12:30Z
2,Carson 2,3A,KC,2026-09-24T02:30:56Z
2,Steiger Family 2,3A,DET,2026-09-21T00:03:22Z
2,Dennis/Sheik 2,3A,MIA,2026-09-24T23:31:35Z
2,Sheik/Dennis 2,3A,GB,2026-09-24T23:19:41Z
2,Kim 2,3A,KC,2026-09-27T14:37:29Z
2,Neums 2,3A,GB,2026-09-22T19:36:23Z
2,Jacob Kost 2,3A,PHI,2026-09-23T17:55:31Z
2,Theo G 2,3A,DET,2026-09-23T16:04:19Z
2,JohnD 2,3A,TEN,2026-09-27T01:06:24Z
2,Dan Burnstine 2,3A,KC,2026-09-23T13:34:43Z
2,Clarkesworld 2,3A,KC,2026-09-22T03:23:49Z
2,Team Callipygian 2,3A,GB,2026-09-22T11:54:13Z
2,Flickertails 2,3A,GB,2026-09-22T13:03:58Z
2,Brian Becker 2,3A,LAC,2026-09-24T00:30:37Z
2,Jobu's Rum 2,3A,NYG,2026-09-25T12:29:09Z
2,Sherlock 2,3A,NO,2026-09-26T04:48:46Z
2,Shawn Williams 2,3A,SF,2026-09-22T17:08:16Z
2,Eric Dennis 2,3A,ARI,2026-09-23T17:18:40Z
2,JHunt 2,3A,NO,2026-09-22T17:30:48Z
2,Jeff B 2,3A,KC,2026-09-22T02:09:19Z
2,Kraigisley 2,3A,KC,2026-09-24T12:01:51Z
2,Deontez 2,3A,CIN,2026-09-27T15:40:21Z
2,bjoachim 2,3A,KC,2026-09-21T13:59:21Z
2,Jahoobies 2,3A,SEA,2026-09-25T17:59:46Z
2,Grandview Zebras 2,3A,KC,2026-09-23T14:11:23Z
2,Bantam Jags! 2,3A,KC,2026-09-23T19:50:15Z
2,The Committee 2,3A,SEA,2026-09-23T19:53:20Z
2,Dave LaFond 2,3A,SF,2026-09-21T18:27:23Z
2,Fish1013Sr 2,3A,KC,2026-09-22T05:17:31Z
2,Smiling Assassin 2,3A,BUF,2026-09-21T00:47:34Z
2,Whole mess of crepes 2,3A,KC,2026-09-23T14:47:45Z
2,Jonathan F 2,3A,KC,2026-09-22T19:08:38Z
2,Nick Latzke 2,3A,SEA,2026-09-24T20:16:10Z
2,Thakur 2,3A,KC,2026-09-27T14:23:49Z
2,Thiglife50 2,3A,KC,2026-09-27T12:57:47Z
2,MNBadger 2,3A,SF,2026-09-24T02:51:16Z
2,James @Oakside 2,3A,NYG,2026-09-08T20:35:14Z
2,Megs 2,3A,CLE,2026-09-22T13:35:15Z
2,Balls-less Walz 2,3A,NYJ,2026-09-20T23:39:35Z
2,Brad Willis 2,3A,JAX,2026-09-23T14:17:50Z
2,IRA 2,3A,BUF,2026-09-24T00:11:35Z
2,Johnny$ 2,3A,KC,2026-09-26T18:46:13Z
2,Nick Hayes 2,3A,SF,2026-09-23T16:38:19Z
2,kerf1 2,3A,DET,2026-09-22T18:50:15Z
2,Jokes Sean Can't Take: 2,3A,DET,2026-09-27T05:56:32Z
2,Meg Camp 2,3A,SEA,2026-09-25T00:04:35Z
2,YOURFACE 2,3A,ARI,2026-09-24T21:52:18Z
2,Gmac01 2,3A,NO,2026-09-27T15:10:53Z
2,MyMercedes 2,3A,GB,2026-09-23T14:27:12Z
2,tnordland 2,3A,SEA,2026-09-27T14:34:42Z
2,Mattulmer05 2,3A,DET,2026-09-26T01:13:31Z
2,Redbull 2,3A,SEA,2026-09-24T00:39:58Z
2,Buckeye 2,3A,SF,2026-09-24T00:14:05Z
2,JEnerson 2,3A,SF,2026-09-22T22:01:49Z
2,Nettie 2,3A,BUF,2026-09-26T23:52:32Z
2,Leg 2,3A,SEA,2026-09-23T17:12:56Z
2,Peyton 2,3A,CAR,2026-09-24T02:44:48Z
2,Dave Stencil 2,3A,KC,2026-09-23T14:48:44Z
2,Luke 2,3A,SF,2026-09-22T03:10:38Z
2,VikeQueen 2,3A,GB,2026-09-24T02:38:27Z
2,R.Sprad 2,3A,CHI,2026-09-27T14:54:22Z
2,TurfToe 2,3A,SEA,2026-09-25T13:10:56Z
2,bprochaska 2,3A,BUF,2026-09-23T14:18:28Z
2,Dennis tatarek 2,3A,KC,2026-09-24T18:03:12Z
2,Hunter W 2,3A,GB,2026-09-24T23:05:42Z
2,Midnight Mortgage 2,3A,GB,2026-09-24T01:33:22Z
2,Lay The Points 2,3A,SEA,2026-09-24T18:08:01Z
2,moz 2,3A,DET,2026-09-24T20:26:33Z
2,Joewillie 2,3A,SEA,2026-09-20T22:22:21Z
2,Gina Nelson 2,3A,MIA,2026-09-25T00:38:02Z
2,Tennesseeriverballhawk 2,3A,SEA,2026-09-25T17:23:51Z
2,Go Hawks 2,3A,HOU,2026-09-27T04:22:03Z
2,Schippy 2,3A,BUF,2026-09-20T20:54:46Z
2,Troy Michaels 2,3A,JAX,2026-09-27T15:34:47Z
2,Stephenjm 2,3A,SEA,2026-09-26T20:08:28Z
2,Bennyboy 2,3A,GB,2026-09-21T15:17:34Z
2,laruffa 2,3A,GB,2026-09-24T23:08:37Z
2,Show Pony 2,3A,SF,2026-09-27T18:22:02Z
2,Tyler O 2,3A,SF,2026-09-27T16:13:47Z
2,Travis Swift 2,3A,MIA,2026-09-22T18:00:15Z
2,RevengeoftheMahomes 2,3A,DET,2026-09-24T10:31:03Z
2,Loser 2,3A,GB,2026-09-23T17:31:20Z
2,Procure 2,3A,GB,2026-09-21T21:36:49Z
2,Ryan S 2,3A,KC,2026-09-25T23:30:01Z
2,Mash Buttatoes 2,3A,DET,2026-09-24T23:20:59Z
2,Laxbromike 2,3A,NO,2026-09-27T13:50:10Z
2,Angie 2,3A,DET,2026-09-27T13:22:05Z
2,Titzer 2,3A,KC,2026-09-24T20:44:08Z
2,G unit 2,3A,GB,2026-09-22T02:19:41Z
2,BabygotDak 2,3A,SF,2026-09-26T06:51:25Z
2,TyshawnLebron 2,3A,PHI,2026-09-24T19:46:40Z
2,Peter Sanford 2,3A,BAL,2026-09-23T16:39:40Z
2,Matts Marvelous Mystic 2,3A,SEA,2026-09-23T01:56:16Z
2,NYBarbie 2,3A,MIA,2026-09-27T15:38:46Z
2,TXrunningman 2,3A,DET,2026-09-22T19:47:28Z
2,Que 2,3A,KC,2026-09-23T15:30:40Z
2,Phi43 2,3A,SF,2026-09-26T22:50:50Z
2,DirtyBird 2,3A,SEA,2026-09-23T21:42:57Z
2,vourni 2,3A,WSH,2026-09-25T03:08:03Z
2,Witzee 2,3A,DET,2026-09-23T00:53:47Z
2,jfleeck 2,3A,SF,2026-09-24T14:35:05Z
2,DutchOven 2,3A,NYJ,2026-09-24T01:46:27Z
2,FredG 2,3A,SF,2026-09-26T23:15:49Z
2,BDB116 2,3A,DET,2026-09-24T21:43:50Z
2,JoeDemyLocks 2,3A,DET,2026-09-27T14:41:05Z
2,Nelli 2,3A,SF,2026-09-22T18:33:40Z
2,Heinecke 2,3A,KC,2026-09-23T02:11:50Z
2,Spencer Kelly 2,3A,DET,2026-09-27T14:04:04Z
2,Jen Frank 2,3A,KC,2026-09-22T03:13:57Z
2,Benbewinning 2,3A,SEA,2026-09-24T02:12:43Z
2,NJV 2,3A,NYG,2026-09-21T15:41:05Z
2,Half Pint Hagen 2,3A,DET,2026-09-24T21:59:42Z
2,Wernz whiffs 2,3A,SF,2026-09-22T20:46:24Z
2,Too Much Estrogen 2,3A,SF,2026-09-22T01:49:29Z
2,Stella's Got Game 2,3A,GB,2026-09-22T03:40:10Z
2,Team 3 2,3A,BUF,2026-09-23T14:50:14Z
2,Skoaldier 2,3A,NYG,2026-09-27T16:03:17Z
2,FLESHFLOWERS 2,3A,NO,2026-09-26T16:20:47Z
2,AndrewJ 2,3A,BUF,2026-09-26T17:21:24Z
2,Zweber 2,3A,MIA,2026-09-27T15:30:49Z
2,Valski 2,3A,MIA,2026-09-27T16:04:48Z
2,Car Ramrod 2,3A,ARI,2026-09-26T20:58:53Z
2,Big Blue 2,3A,PHI,2026-09-26T16:58:26Z
2,Rosco P. Coltrane 2,3A,KC,2026-09-23T00:19:35Z
2,Homeyjoe 2,3A,GB,2026-09-22T15:37:49Z
2,Jordan Dvorak 2,3A,BUF,2026-09-25T02:17:18Z
2,MandB 2,3A,KC,2026-09-24T22:22:35Z
2,Terhune 2,3A,DET,2026-09-24T16:23:51Z
2,AShores88 2,3A,SEA,2026-09-24T23:58:27Z
2,Sweettits 2,3A,SEA,2026-09-23T03:44:57Z
2,Shores 2,3A,SF,2026-09-24T02:48:11Z
2,Jake Bazella 2,3A,SF,2026-09-26T14:47:01Z
2,WeRunSolo 2,3A,KC,2026-09-21T11:32:32Z
2,Spoonman 2,3A,SEA,2026-09-26T17:44:27Z
2,Evanhanz 2,3A,CHI,2026-09-27T16:37:32Z
2,Coates55 2,3A,ATL,2026-09-21T06:22:32Z
2,destiny01 2,3A,NO,2026-09-21T04:55:17Z
2,DonHollywood 2,3A,DET,2026-09-24T07:26:20Z
2,Cory  S 2,3A,KC,2026-09-21T10:28:11Z
2,LFS108 2,3A,GB,2026-09-24T03:37:34Z
2,EZ Does It!! 2,3A,NO,2026-09-25T11:55:38Z
2,DirtyBirdie 2,3A,DET,2026-09-26T22:34:05Z
2,#Kevin 2,3A,KC,2026-09-21T14:41:44Z
2,Ntap_chris 2,3A,DET,2026-09-23T11:33:48Z
2,sdanciak 2,3A,BUF,2026-09-22T12:00:13Z
2,Fred P 2,3A,DET,2026-09-21T02:41:24Z
2,Brain 2,3A,SF,2026-09-24T01:32:21Z
2,Victor D 2,3A,MIA,2026-09-24T20:15:47Z
2,CaliB 2,3A,SF,2026-09-23T16:05:31Z
2,BDvorak 2,3A,SEA,2026-09-27T14:30:31Z
2,SMU 2,3A,SF,2026-09-27T19:46:16Z
2,CrazyMonkey 2,3A,KC,2026-09-21T17:50:09Z
2,Kbecks 2,3A,DET,2026-09-24T00:30:42Z
2,Smallz 2,3A,SF,2026-09-27T18:33:27Z
2,WildernessNinjas 2,3A,SEA,2026-09-22T03:59:11Z
2,Fishhead 2,3A,KC,2026-09-27T16:07:04Z
2,Danielle Caliebe 2,3A,KC,2026-09-24T11:21:20Z
2,BigPlayJ 2,3A,TEN,2026-09-24T15:23:53Z
2,Children of the Corn 2,3A,KC,2026-09-24T19:06:13Z
2,JJ’s Winners 1 2,3A,GB,2026-09-24T01:02:57Z
2,Vodka Sota 2,3A,SEA,2026-09-27T15:47:30Z
2,Horseshoe 2,3A,PHI,2026-09-23T19:32:56Z
2,Nschram 2,3A,MIN,2026-09-27T13:17:35Z
2,Steve Demy 2,3A,BUF,2026-09-27T00:35:17Z
2,Dice7126 2,3A,GB,2026-09-23T14:50:50Z
2,Cat 2,3A,KC,2026-09-27T13:31:58Z
2,Swarner 2,3A,DET,2026-09-27T14:40:49Z
2,Ron Burhite 2,3A,NO,2026-09-23T03:09:43Z
2,SandmanReject 2,3A,LV,2026-09-25T02:45:04Z
2,Rsmart 2,3A,NE,2026-09-27T14:46:21Z
2,Cheney 2,3A,KC,2026-09-25T02:43:09Z
2,BigW 2,3A,CHI,2026-09-27T00:41:33Z
2,Destroyer 2,3A,WSH,2026-09-24T02:18:31Z
2,BERP 2,3A,NO,2026-09-26T13:22:37Z
2,LLD 2,3A,NO,2026-09-25T01:58:23Z
2,DiederichNS 2,3A,SF,2026-09-27T17:36:36Z
2,RJRT 2,3A,NYG,2026-09-26T23:08:04Z
2,Berns Bags and Friends 2,3A,NO,2026-09-24T02:33:28Z
2,-EV. 2,3A,DET,2026-09-24T00:48:42Z
2,UACATS26 2,3A,GB,2026-09-24T15:42:31Z
2,Dang 2,3A,NYJ,2026-09-21T14:31:04Z
2,Old Gregg 2,3A,JAX,2026-09-27T16:03:12Z
2,Mabel Miranda 2,3A,SF,2026-09-24T13:31:19Z
2,enerson413 2,3A,CLE,2026-09-24T00:34:20Z
2,Showtime 2,3A,KC,2026-09-27T16:22:31Z
2,Papa Funk 1 2,3A,DET,2026-09-27T11:11:32Z
2,Vikingstothebowl 2,3A,SF,2026-09-24T23:12:34Z
2,Yosemite Sam 2,3A,DET,2026-09-26T18:29:55Z
2,Coop 2,3A,DET,2026-09-26T13:42:04Z
2,The Pigskin 2,3A,BUF,2026-09-26T22:00:26Z
2,Winner Winner 2,3A,KC,2026-09-24T22:58:11Z
2,L.Greenwood 2,3A,CIN,2026-09-27T16:56:16Z
2,Brian Hanson 2,3A,KC,2026-09-27T13:55:34Z
2,Greg Lau 2,3A,SF,2026-09-24T20:13:30Z
2,TWS 2,3A,NO,2026-09-23T20:39:09Z
2,Matty Ice 2,3A,TB,2026-09-27T16:47:49Z
2,It's Our Time 2,3A,JAX,2026-09-27T16:23:51Z
2,Val Estrada 2,3A,PHI,2026-09-27T13:40:08Z
2,Cellar Door 2,3A,SEA,2026-09-24T15:45:05Z
2,Edina Jayhawk 2,3A,NYG,2026-09-21T12:41:43Z
2,Show me your TDs 2,3A,SEA,2026-09-27T14:50:49Z
2,Tatarekt 2,3A,SEA,2026-09-27T04:06:00Z
2,Skol to the Bowl 2,3A,KC,2026-09-25T00:19:32Z
2,Revenge of the Vrabes 2,3A,DET,2026-09-25T19:44:30Z
2,JCG 2,3A,KC,2026-09-27T08:31:53Z
2,Whig 2,3A,MIA,2026-09-26T13:41:48Z
2,LAH 2,3A,PHI,2026-09-28T15:20:05Z
2,Cecil G 2,3A,DET,2026-09-24T14:55:58Z
2,Pooter 2,3A,BUF,2026-09-23T16:28:21Z
2,Matthew Cox 2,3A,WSH,2026-09-27T13:20:14Z
2,Last Place 2,3A,DET,2026-09-27T04:49:56Z
2,Proasscoach 2,3A,KC,2026-09-22T12:16:06Z
2,LukeC 2,3A,ARI,2026-09-27T18:39:56Z
2,Angiegirl 2,3A,KC,2026-09-21T07:27:55Z
2,Evo 4G63 Lover 2,3A,DEN,2026-09-27T22:18:20Z
2,JM 2,3A,DET,2026-09-22T01:13:12Z
2,Brainjw 2,3A,DET,2026-09-25T17:06:28Z
2,Jesse Martin 2,3A,SEA,2026-09-27T01:55:38Z
2,Blood Sweat and Beers 2,3A,SEA,2026-09-27T16:55:26Z
2,Mr Ed 2,3A,SF,2026-09-27T18:26:43Z
3,Stow 3,3A,SEA,2026-09-25T03:20:45Z
3,BankofMarquis 3,3A,CAR,2026-09-27T15:21:29Z
3,BossHogg 3,3A,KC,2026-09-27T11:52:18Z
3,Duncan 3,3A,GB,2026-09-21T16:26:15Z
3,Dobolicious 3,3A,SF,2026-09-25T01:17:06Z
3,QueenJoanie 3,3A,KC,2026-09-20T23:03:29Z
3,ButterBob 3,3A,GB,2026-09-23T20:42:19Z
3,Larry Hess 3,3A,DET,2026-09-22T14:17:57Z
3,RecklessDZ 3,3A,GB,2026-09-24T00:45:21Z
3,Oki 3,3A,SF,2026-09-23T07:18:27Z
3,Tim The Enchanter 3,3A,DET,2026-09-22T16:12:56Z
3,RobbyMcRobface 3,3A,DET,2026-09-23T14:29:41Z
3,Kory Isley 3,3A,SEA,2026-09-27T14:41:50Z
3,Chronos 3,3A,KC,2026-09-23T22:10:03Z
3,Todd G 3,3A,DET,2026-09-22T15:48:00Z
3,Robert Dean 3,3A,CAR,2026-09-23T17:05:38Z
3,JL2320 3,3A,IND,2026-09-24T00:30:13Z
3,HSJL 3,3A,BUF,2026-09-21T22:40:02Z
3,Scoots28 3,3A,PHI,2026-09-26T15:08:16Z
3,Masterdeflater 3,3A,MIA,2026-09-22T15:59:17Z
3,sweat hogs 3,3A,SF,2026-09-27T11:57:49Z
3,Muskhogeans 3,3A,BUF,2026-09-27T11:55:44Z
3,shogi 3,3A,NO,2026-09-27T11:58:18Z
3,Merril Hoge 3,3A,NYG,2026-09-27T11:55:01Z
3,orthogonal 3,3A,KC,2026-09-27T11:54:37Z
3,Nicks picks 3,3A,MIA,2026-09-21T12:07:56Z
3,Number 9 3,3A,SF,2026-09-24T23:50:34Z
3,KC Wildcats 3,3A,KC,2026-09-20T23:09:06Z
3,Mitch's Maniacs 3,3A,ARI,2026-09-20T21:19:43Z
3,Bottom Feeder 3,3A,NO,2026-09-24T20:12:03Z
3,Byrdman 3,3A,GB,2026-09-21T13:10:35Z
3,The Rocket 3,3A,SF,2026-09-21T14:53:01Z
3,CoorsBanquet 3,3A,GB,2026-09-22T23:54:00Z
3,FishKing17 3,3A,KC,2026-09-21T14:20:28Z
3,Karomaro 3,3A,KC,2026-09-24T17:13:29Z
3,SHAQFU19 3,3A,TB,2026-09-21T15:57:56Z
3,X-Ray 3,3A,DET,2026-09-23T11:51:01Z
3,Drago 3,3A,DET,2026-09-21T14:51:03Z
3,.PALMER 3,3A,SF,2026-09-21T17:32:00Z
3,DCloud 3,3A,MIA,2026-09-24T16:18:45Z
3,iwasatthesswift-kelcewedding 3,3A,KC,2026-09-24T01:34:57Z
3,Lep 3,3A,DEN,2026-09-24T17:36:42Z
3,Scott Brofman 3,3A,CAR,2026-09-23T14:50:23Z
3,CGully 3,3A,DET,2026-09-23T21:08:00Z
3,Tamasi 3,3A,NO,2026-09-21T19:08:14Z
3,Halvey 3,3A,TEN,2026-09-26T03:03:36Z
3,James B 3,3A,NYJ,2026-09-22T12:52:34Z
3,Eastside 17 3,3A,SF,2026-09-24T01:26:01Z
3,Freddy Reyes 3,3A,KC,2026-09-21T05:17:55Z
3,Greenlun 3,3A,SEA,2026-09-23T00:41:39Z
3,danohara 3,3A,KC,2026-09-27T10:36:49Z
3,CTEasymoney 3,3A,KC,2026-09-22T04:42:54Z
3,Schwing 3,3A,KC,2026-09-23T00:00:52Z
3,Hain 3,3A,CIN,2026-09-23T19:41:24Z
3,Jacob Goergen 3,3A,KC,2026-09-26T17:39:52Z
3,Danny Heldt 3,3A,DET,2026-09-22T01:38:47Z
3,Nube 3,3A,KC,2026-09-22T12:19:25Z
3,Alex Allen 3,3A,KC,2026-09-24T02:26:51Z
3,RON JANSEN 3,3A,KC,2026-09-23T04:43:33Z
3,ThisIsTheYear 3,3A,LAC,2026-09-22T12:44:52Z
3,The Lock of the Week 3,3A,SEA,2026-09-23T18:29:25Z
3,One Pump Love & Dump 3,3A,NYJ,2026-09-21T15:02:05Z
3,Shannon 3,3A,SF,2026-09-27T01:21:36Z
3,TonerPirates 3,3A,BUF,2026-09-23T01:55:53Z
3,Redgem 3,3A,PHI,2026-09-24T22:29:36Z
3,Eric Sexton 3,3A,PHI,2026-09-23T21:42:24Z
3,BCAT 3,3A,MIA,2026-09-22T10:00:30Z
3,IBian 3,3A,SF,2026-09-23T17:32:29Z
3,Psorensen 3,3A,SEA,2026-09-24T13:50:21Z
3,SkolVikes 3,3A,TEN,2026-09-23T18:08:12Z
3,Vendor 3,3A,ATL,2026-09-23T21:25:41Z
3,Marc M 3,3A,SEA,2026-09-23T22:35:37Z
3,Tony G 3,3A,JAX,2026-09-22T01:37:23Z
3,Mongoose 3,3A,KC,2026-09-23T12:34:39Z
3,Fletch 3,3A,BUF,2026-09-23T21:35:55Z
3,Morning Chuba 3,3A,KC,2026-09-24T00:16:45Z
3,WZKB 3,3A,HOU,2026-09-22T14:52:38Z
3,AssKickers 3,3A,IND,2026-09-22T03:34:08Z
3,Fielder 3,3A,MIA,2026-09-21T16:56:26Z
3,JEG#1 3,3A,SEA,2026-09-23T10:43:48Z
3,Doug Cook 3,3A,KC,2026-09-23T15:15:58Z
3,PB -  jd/ct 3,3A,DET,2026-09-24T23:35:32Z
3,Bob & Jackie 3,3A,SEA,2026-09-25T00:32:04Z
3,JoeyG 3,3A,GB,2026-09-21T14:24:20Z
3,Sidders 3,3A,ARI,2026-09-22T15:55:07Z
3,Aidan O'Hara 3,3A,DET,2026-09-23T00:24:54Z
3,BigCat#30 - 3,3A,KC,2026-09-27T15:09:35Z
3,Brock 3,3A,SF,2026-09-23T15:50:37Z
3,TJB 3,3A,DAL,2026-09-22T22:28:08Z
3,Karl Havoc 3,3A,DET,2026-09-21T14:57:54Z
3,TG94 3,3A,BUF,2026-09-24T00:02:41Z
3,Skooter 3,3A,SEA,2026-09-21T03:06:54Z
3,Garner 3,3A,ARI,2026-09-23T15:32:01Z
3,JFerrell 3,3A,KC,2026-09-23T12:23:19Z
3,BS 3,3A,KC,2026-09-23T02:53:36Z
3,GWhite 3,3A,DET,2026-09-23T20:25:29Z
3,CWHITE 3,3A,SEA,2026-09-21T19:44:34Z
3,Luke K 3,3A,DET,2026-09-24T13:04:26Z
3,BLURRS 3,3A,DET,2026-09-26T19:45:09Z
3,Randall_R 3,3A,DET,2026-09-26T23:29:18Z
3,a.schneck 3,3A,SEA,2026-09-21T15:31:18Z
3,J Bud 3,3A,NYJ,2026-09-20T22:26:34Z
3,Chong Y 3,3A,ARI,2026-09-22T13:44:06Z
3,DEVO 3,3A,SEA,2026-09-26T15:12:38Z
3,Raider Haters 3,3A,TEN,2026-09-25T22:36:41Z
3,Foost26 3,3A,BUF,2026-09-25T00:30:24Z
3,Savage outdoors 3,3A,GB,2026-09-23T14:10:07Z
3,Joe Buck Yourself 3,3A,NYJ,2026-09-22T09:39:04Z
3,The Modern Day Maharaja 3,3A,BUF,2026-09-24T00:55:24Z
3,Mark O 3,3A,SF,2026-09-23T18:20:36Z
3,colorado_viking 3,3A,SF,2026-09-27T11:56:43Z
3,Tim Kost 3,3A,NYG,2026-09-24T19:16:03Z
3,Original Stephen A 3,3A,KC,2026-09-23T14:54:21Z
3,CTaylor 3,3A,BUF,2026-09-24T02:03:15Z
3,Jake’s Irish 3,3A,SEA,2026-09-21T21:13:03Z
3,Nickels 3,3A,ATL,2026-09-21T12:56:04Z
3,Ray LaMarca 3,3A,DET,2026-09-22T23:49:03Z
3,Homeslice 3,3A,SF,2026-09-23T18:49:30Z
3,Tenacious 218ers 3,3A,PHI,2026-09-25T09:29:51Z
3,The Hip 3,3A,NYJ,2026-09-21T23:33:43Z
3,AJ 3,3A,SF,2026-09-22T15:55:35Z
3,BadaBehm 3,3A,ARI,2026-09-21T01:53:39Z
3,Keith Oerther 2 3,3A,ARI,2026-09-21T15:52:06Z
3,GopherNation! 3,3A,ARI,2026-09-25T14:48:45Z
3,Sathre 3,3A,GB,2026-09-23T13:32:30Z
3,A.K.A. King Gio 3,3A,KC,2026-09-27T07:18:40Z
3,.buckle up 3,3A,KC,2026-09-27T06:02:00Z
3,tkirchgraber 3,3A,KC,2026-09-27T01:37:35Z
3,Simanek 3,3A,NO,2026-09-23T22:08:39Z
3,lance manion 3,3A,BUF,2026-09-24T14:15:19Z
3,tchristl 3,3A,NYG,2026-09-21T13:49:43Z
3,SJU 3,3A,GB,2026-09-24T14:15:03Z
3,Skidmark 3,3A,SF,2026-09-21T02:32:34Z
3,Unregulated 3,3A,ATL,2026-09-24T23:52:31Z
3,TommyGun 3,3A,GB,2026-09-24T12:45:31Z
3,Drool 3,3A,GB,2026-09-22T15:27:41Z
3,OMB 3,3A,NYJ,2026-09-20T23:36:10Z
3,RabidGophers 3,3A,BUF,2026-09-21T14:26:19Z
3,D-dog 3,3A,BUF,2026-09-23T17:27:47Z
3,Honolulu Blues 3,3A,CAR,2026-09-26T02:00:35Z
3,Liamo 3,3A,BUF,2026-09-25T05:47:02Z
3,CJ2 3,3A,NYG,2026-09-26T14:14:35Z
3,John DesJardins 3,3A,SF,2026-09-25T00:01:27Z
3,Halftrack 3,3A,CAR,2026-09-26T23:43:30Z
3,Ibinger 3,3A,NYJ,2026-09-25T13:38:21Z
3,Bigtippers 3,3A,ARI,2026-09-23T15:14:31Z
3,3Strangedays 3,3A,BUF,2026-09-23T00:26:20Z
3,MrOct20 3,3A,KC,2026-09-27T16:10:48Z
3,J H 3,3A,SF,2026-09-27T19:32:04Z
3,Team Green 3,3A,DET,2026-09-21T13:31:17Z
3,jfkhyland 3,3A,GB,2026-09-24T02:35:27Z
3,Jon Swanson 3,3A,DEN,2026-09-26T15:39:00Z
3,Tolly 3,3A,SEA,2026-09-25T03:20:45Z
3,gp-23 3,3A,ARI,2026-09-24T17:22:35Z
3,GABE 3,3A,MIN,2026-09-24T00:28:21Z
3,JAC 3,3A,SF,2026-09-24T00:54:19Z
3,Lljuergs 3,3A,GB,2026-09-24T11:43:36Z
3,Richard Olson 3,3A,ARI,2026-09-27T17:55:31Z
3,Travis K 3,3A,KC,2026-09-26T19:56:35Z
3,Nick3l City 3,3A,KC,2026-09-25T02:45:44Z
3,Jason Jansen 3,3A,DET,2026-09-24T18:53:58Z
3,Sarah Fazendin 3,3A,MIA,2026-09-25T03:27:30Z
3,The Dark Knights 3,3A,SF,2026-09-24T02:34:56Z
3,slyoss 3,3A,NYG,2026-09-27T04:55:35Z
3,Rhodekill 3,3A,ARI,2026-09-22T01:57:58Z
3,Weichert 3,3A,DET,2026-09-27T13:07:26Z
3,A.Lewis 3,3A,KC,2026-09-23T04:35:21Z
3,Mal 3,3A,DET,2026-09-24T03:14:21Z
3,Trevor Caliebe 3,3A,GB,2026-09-23T16:34:03Z
3,MikeM 3,3A,KC,2026-09-27T13:56:53Z
3,JessiMain 3,3A,GB,2026-09-22T01:05:16Z
3,Double Ds 3,3A,NYG,2026-09-25T13:26:46Z
3,yogi 1 3,3A,KC,2026-09-26T01:23:25Z
3,ryan miller 3,3A,NYG,2026-09-27T07:21:42Z
3,BillsMafiaJA17 3,3A,PHI,2026-09-21T02:09:43Z
3,AndrewL 3,3A,TEN,2026-09-21T18:49:14Z
3,Rizzio 3,3A,NO,2026-09-24T23:40:18Z
3,The Tavern 3,3A,BUF,2026-09-27T13:49:39Z
3,.ZF 3,3A,GB,2026-09-22T14:57:55Z
3,Karn 3,3A,KC,2026-09-24T17:02:15Z
3,TwentyFour 3,3A,NYJ,2026-09-27T15:27:06Z
3,Bren 3,3A,GB,2026-09-24T00:19:35Z
3,Early Exit 3,3A,KC,2026-09-27T15:23:55Z
3,Cryan 3,3A,GB,2026-09-21T02:06:53Z
3,akahn 3,3A,GB,2026-09-23T01:35:17Z
3,CSmith311 3,3A,GB,2026-09-21T12:03:40Z
3,Tetlow 3,3A,SF,2026-09-23T11:45:38Z
3,darcyvikinggirl 3,3A,KC,2026-09-24T02:00:16Z
3,Shot to the Chops 3,3A,GB,2026-09-22T03:12:53Z
3,Mike Egan 3,3A,JAX,2026-09-23T15:44:31Z
3,Steiger Family 3,3A,KC,2026-09-18T03:43:36Z
3,Dennis/Sheik 3,3A,SEA,2026-09-27T15:15:25Z
3,Sheik/Dennis 3,3A,SEA,2026-09-27T16:00:51Z
3,Kim 3,3A,SEA,2026-09-27T14:37:46Z
3,Neums 3,3A,SEA,2026-09-22T19:35:09Z
3,Jacob Kost 3,3A,BUF,2026-09-23T17:55:38Z
3,Theo G 3,3A,KC,2026-09-23T16:04:23Z
3,JohnD 3,3A,CIN,2026-09-27T01:10:26Z
3,Clarkesworld 3,3A,SF,2026-09-22T03:24:16Z
3,Team Callipygian 3,3A,GB,2026-09-22T11:54:31Z
3,Flickertails 3,3A,NO,2026-09-23T12:46:52Z
3,Brian Becker 3,3A,SF,2026-09-24T00:31:05Z
3,Jobu's Rum 3,3A,GB,2026-09-21T05:23:23Z
3,Sherlock 3,3A,ATL,2026-09-24T13:53:21Z
3,Shawn Williams 3,3A,KC,2026-09-22T17:08:03Z
3,Eric Dennis 3,3A,SF,2026-09-23T17:18:58Z
3,JHunt 3,3A,DET,2026-09-22T17:31:46Z
3,Kraigisley 3,3A,DET,2026-09-24T12:03:43Z
3,bjoachim 3,3A,KC,2026-09-21T13:59:24Z
3,Jahoobies 3,3A,ARI,2026-09-25T18:00:05Z
3,Grandview Zebras 3,3A,GB,2026-09-23T14:15:45Z
3,Bantam Jags! 3,3A,GB,2026-09-23T19:49:58Z
3,The Committee 3,3A,SF,2026-09-23T19:53:06Z
3,Dave LaFond 3,3A,KC,2026-09-21T18:27:52Z
3,Fish1013Sr 3,3A,SEA,2026-09-22T05:18:05Z
3,Whole mess of crepes 3,3A,NO,2026-09-23T14:48:44Z
3,Jonathan F 3,3A,SF,2026-09-22T19:09:01Z
3,Nick Latzke 3,3A,SF,2026-09-20T23:26:33Z
3,Thakur 3,3A,DET,2026-09-27T14:24:02Z
3,Thiglife50 3,3A,SF,2026-09-27T12:58:28Z
3,James @Oakside 3,3A,SF,2026-09-08T20:35:23Z
3,Megs 3,3A,SEA,2026-09-22T13:35:26Z
3,Balls-less Walz 3,3A,ATL,2026-09-20T23:40:05Z
3,Brad Willis 3,3A,SF,2026-09-23T14:18:18Z
3,IRA 3,3A,SF,2026-09-24T00:14:16Z
3,Nick Hayes 3,3A,DET,2026-09-22T18:01:06Z
3,Jokes Sean Can't Take: 3,3A,ARI,2026-09-27T05:56:05Z
3,YOURFACE 3,3A,SF,2026-09-22T19:23:47Z
3,MyMercedes 3,3A,DET,2026-09-23T14:27:29Z
3,Redbull 3,3A,KC,2026-09-24T20:10:19Z
3,JEnerson 3,3A,PHI,2026-09-22T22:02:15Z
3,Dave Stencil 3,3A,KC,2026-09-23T14:49:05Z
3,VikeQueen 3,3A,KC,2026-09-24T02:38:54Z
3,R.Sprad 3,3A,CAR,2026-09-27T14:55:27Z
3,TurfToe 3,3A,SF,2026-09-25T13:11:19Z
3,bprochaska 3,3A,ARI,2026-09-23T14:19:02Z
3,Midnight Mortgage 3,3A,SF,2026-09-24T01:45:33Z
3,Lay The Points 3,3A,SF,2026-09-24T18:08:45Z
3,Gina Nelson 3,3A,BUF,2026-09-25T00:38:54Z
3,Schippy 3,3A,KC,2026-09-20T20:56:08Z
3,Troy Michaels 3,3A,SF,2026-09-27T15:35:14Z
3,Bennyboy 3,3A,GB,2026-09-21T15:17:39Z
3,laruffa 3,3A,BUF,2026-09-24T23:08:45Z
3,Show Pony 3,3A,SF,2026-09-27T18:22:04Z
3,Tyler O 3,3A,KC,2026-09-27T16:13:31Z
3,Travis Swift 3,3A,KC,2026-09-22T18:01:09Z
3,RevengeoftheMahomes 3,3A,MIA,2026-09-23T10:25:49Z
3,Loser 3,3A,KC,2026-09-23T17:31:28Z
3,Procure 3,3A,KC,2026-09-23T17:54:41Z
3,Ryan S 3,3A,DET,2026-09-25T23:30:27Z
3,Mash Buttatoes 3,3A,GB,2026-09-24T23:21:18Z
3,Titzer 3,3A,GB,2026-09-24T20:44:14Z
3,G unit 3,3A,GB,2026-09-22T02:19:56Z
3,BabygotDak 3,3A,SF,2026-09-26T06:52:18Z
3,TyshawnLebron 3,3A,DET,2026-09-24T18:50:32Z
3,NYBarbie 3,3A,SEA,2026-09-27T15:39:22Z
3,Phi43 3,3A,GB,2026-09-24T19:29:10Z
3,DirtyBird 3,3A,SF,2026-09-23T21:43:41Z
3,Witzee 3,3A,ATL,2026-09-23T00:46:26Z
3,jfleeck 3,3A,KC,2026-09-24T14:34:23Z
3,DutchOven 3,3A,KC,2026-09-24T01:46:58Z
3,FredG 3,3A,DET,2026-09-26T23:16:31Z
3,BDB116 3,3A,KC,2026-09-27T15:52:05Z
3,JoeDemyLocks 3,3A,TEN,2026-09-27T14:41:44Z
3,Spencer Kelly 3,3A,DET,2026-09-27T14:04:09Z
3,Benbewinning 3,3A,SF,2026-09-24T02:12:53Z
3,NJV 3,3A,ATL,2026-09-21T15:39:08Z
3,Half Pint Hagen 3,3A,SF,2026-09-24T20:47:12Z
3,Wernz whiffs 3,3A,BUF,2026-09-22T20:46:31Z
3,Too Much Estrogen 3,3A,NYJ,2026-09-22T01:49:56Z
3,AndrewJ 3,3A,KC,2026-09-26T17:21:32Z
3,Zweber 3,3A,SEA,2026-09-27T15:31:01Z
3,FLESHFLOWERS 3,3A,CHI,2026-09-26T16:22:14Z
3,Car Ramrod 3,3A,BUF,2026-09-26T20:59:13Z
3,Big Blue 3,3A,GB,2026-09-24T03:22:39Z
3,Homeyjoe 3,3A,SF,2026-09-22T15:38:58Z
3,Jordan Dvorak 3,3A,DET,2026-09-25T02:17:33Z
3,MandB 3,3A,CIN,2026-09-24T22:22:40Z
3,Terhune 3,3A,GB,2026-09-24T16:24:38Z
3,AShores88 3,3A,GB,2026-09-24T23:58:34Z
3,Sweettits 3,3A,DET,2026-09-23T03:45:05Z
3,Shores 3,3A,SF,2026-09-24T02:48:31Z
3,Jake Bazella 3,3A,NO,2026-09-26T14:47:27Z
3,WeRunSolo 3,3A,DET,2026-09-21T11:33:16Z
3,Spoonman 3,3A,KC,2026-09-26T17:44:38Z
3,Coates55 3,3A,SF,2026-09-21T06:22:54Z
3,destiny01 3,3A,NYG,2026-09-21T04:59:20Z
3,DonHollywood 3,3A,SF,2026-09-24T07:26:56Z
3,Cory  S 3,3A,ATL,2026-09-21T10:32:06Z
3,EZ Does It!! 3,3A,KC,2026-09-25T11:56:20Z
3,DirtyBirdie 3,3A,DET,2026-09-26T22:30:22Z
3,#Kevin 3,3A,DET,2026-09-21T14:42:13Z
3,sdanciak 3,3A,GB,2026-09-22T12:01:25Z
3,Brain 3,3A,KC,2026-09-24T01:30:15Z
3,Victor D 3,3A,SEA,2026-09-23T14:08:37Z
3,CaliB 3,3A,GB,2026-09-23T16:06:02Z
3,BDvorak 3,3A,SF,2026-09-27T14:30:41Z
3,SMU 3,3A,SF,2026-09-27T19:46:21Z
3,CrazyMonkey 3,3A,KC,2026-09-21T17:50:12Z
3,WildernessNinjas 3,3A,GB,2026-09-22T03:58:02Z
3,Fishhead 3,3A,JAX,2026-09-27T16:12:00Z
3,Nschram 3,3A,KC,2026-09-27T13:17:00Z
3,Steve Demy 3,3A,BUF,2026-09-27T00:35:20Z
3,Dice7126 3,3A,GB,2026-09-23T14:50:53Z
3,Cat 3,3A,SF,2026-09-23T01:00:10Z
3,Swarner 3,3A,KC,2026-09-27T14:40:55Z
3,Rsmart 3,3A,KC,2026-09-27T14:45:27Z
3,Destroyer 3,3A,SEA,2026-09-24T02:18:51Z
3,BERP 3,3A,NYG,2026-09-26T13:24:35Z
3,RJRT 3,3A,CLE,2026-09-26T23:12:25Z
3,Berns Bags and Friends 3,3A,NO,2026-09-24T02:33:37Z
3,-EV. 3,3A,DET,2026-09-24T00:48:44Z
3,Dang 3,3A,NYJ,2026-09-21T14:31:12Z
3,Old Gregg 3,3A,NYJ,2026-09-27T16:02:31Z
3,Mabel Miranda 3,3A,SF,2026-09-24T13:31:23Z
3,enerson413 3,3A,IND,2026-09-24T00:34:36Z
3,Laxbromike 3,3A,TEN,2026-09-27T13:51:07Z
3,Showtime 3,3A,CAR,2026-09-27T16:25:21Z
3,Papa Funk 1 3,3A,NYG,2026-09-27T11:08:58Z
3,Yosemite Sam 3,3A,NYG,2026-09-26T18:30:12Z
3,Brian Hanson 3,3A,KC,2026-09-27T13:55:39Z
3,Greg Lau 3,3A,PHI,2026-09-24T20:13:55Z
3,TWS 3,3A,NO,2026-09-23T20:39:12Z
3,Matty Ice 3,3A,NO,2026-09-27T16:48:23Z
3,It's Our Time 3,3A,CAR,2026-09-27T16:26:50Z
3,Val Estrada 3,3A,WSH,2026-09-27T15:08:10Z
3,Cellar Door 3,3A,DET,2026-09-24T15:45:11Z
3,Show me your TDs 3,3A,CAR,2026-09-27T15:12:26Z
3,Tatarekt 3,3A,DET,2026-09-27T04:06:07Z
3,Skol to the Bowl 3,3A,CHI,2026-09-25T00:47:25Z
3,Revenge of the Vrabes 3,3A,NE,2026-09-25T19:00:35Z
3,JCG 3,3A,SEA,2026-09-27T08:32:43Z
3,Cecil G 3,3A,NYG,2026-09-24T14:56:18Z
3,Pooter 3,3A,GB,2026-09-23T16:29:56Z
3,Matthew Cox 3,3A,TB,2026-09-27T13:20:33Z
3,Proasscoach 3,3A,MIA,2026-09-23T18:08:36Z
3,Angiegirl 3,3A,SF,2026-09-21T07:28:27Z
3,Evo 4G63 Lover 3,3A,PHI,2026-09-27T22:18:23Z
3,JM 3,3A,KC,2026-09-22T01:13:37Z
3,Brainjw 3,3A,CAR,2026-09-25T17:06:38Z
3,Johnny$ 3,3A,MIA,2026-09-26T18:46:56Z
4,Stow 4,3A,DET,2026-09-23T03:52:46Z
4,BossHogg 4,3A,SEA,2026-09-27T11:52:39Z
4,Dobolicious 4,3A,BUF,2026-09-25T01:17:28Z
4,QueenJoanie 4,3A,KC,2026-09-20T23:03:35Z
4,Larry Hess 4,3A,SF,2026-09-22T14:23:26Z
4,Oki 4,3A,GB,2026-09-24T07:04:52Z
4,Tim The Enchanter 4,3A,DET,2026-09-22T16:13:04Z
4,RobbyMcRobface 4,3A,NO,2026-09-23T14:30:07Z
4,Kory Isley 4,3A,SF,2026-09-27T14:42:22Z
4,Chronos 4,3A,BUF,2026-09-23T22:10:28Z
4,Robert Dean 4,3A,NO,2026-09-23T17:13:19Z
4,HSJL 4,3A,KC,2026-09-24T18:54:39Z
4,Scoots28 4,3A,SF,2026-09-24T01:23:55Z
4,Masterdeflater 4,3A,DET,2026-09-22T16:01:22Z
4,sweat hogs 4,3A,PHI,2026-09-27T11:58:24Z
4,Muskhogeans 4,3A,DET,2026-09-27T11:55:48Z
4,shogi 4,3A,CAR,2026-09-27T11:56:12Z
4,Merril Hoge 4,3A,KC,2026-09-27T11:53:19Z
4,orthogonal 4,3A,SF,2026-09-27T11:56:57Z
4,Nicks picks 4,3A,MIA,2026-09-21T12:08:05Z
4,Number 9 4,3A,LAC,2026-09-21T02:40:36Z
4,KC Wildcats 4,3A,GB,2026-09-20T23:09:18Z
4,Mitch's Maniacs 4,3A,ARI,2026-09-20T21:18:58Z
4,Bottom Feeder 4,3A,MIA,2026-09-24T20:11:25Z
4,CoorsBanquet 4,3A,MIA,2026-09-27T00:23:31Z
4,FishKing17 4,3A,MIA,2026-09-21T14:16:43Z
4,X-Ray 4,3A,NO,2026-09-27T13:47:28Z
4,Drago 4,3A,DET,2026-09-24T17:00:41Z
4,.PALMER 4,3A,GB,2026-09-21T17:32:06Z
4,DCloud 4,3A,SF,2026-09-24T16:19:07Z
4,iwasatthesswift-kelcewedding 4,3A,BUF,2026-09-24T01:35:09Z
4,Lep 4,3A,WSH,2026-09-24T17:37:29Z
4,CGully 4,3A,SEA,2026-09-23T21:08:13Z
4,Halvey 4,3A,ARI,2026-09-22T15:55:05Z
4,Eastside 17 4,3A,DET,2026-09-24T01:13:26Z
4,Greenlun 4,3A,KC,2026-09-23T00:41:47Z
4,danohara 4,3A,KC,2026-09-27T10:36:57Z
4,Schwing 4,3A,CHI,2026-09-25T00:04:52Z
4,Hain 4,3A,SEA,2026-09-23T19:41:42Z
4,Jacob Goergen 4,3A,SEA,2026-09-26T17:40:01Z
4,Alex Allen 4,3A,PHI,2026-09-24T02:28:44Z
4,ThisIsTheYear 4,3A,DET,2026-09-25T14:24:32Z
4,The Lock of the Week 4,3A,SEA,2026-09-23T18:29:30Z
4,One Pump Love & Dump 4,3A,CIN,2026-09-22T14:46:26Z
4,TonerPirates 4,3A,SEA,2026-09-23T01:54:55Z
4,Redgem 4,3A,PHI,2026-09-23T21:07:46Z
4,IBian 4,3A,KC,2026-09-23T17:32:46Z
4,Psorensen 4,3A,KC,2026-09-24T13:50:05Z
4,SkolVikes 4,3A,SF,2026-09-23T18:08:24Z
4,Vendor 4,3A,SEA,2026-09-23T21:28:03Z
4,Tony G 4,3A,CAR,2026-09-22T01:37:34Z
4,Mongoose 4,3A,SF,2026-09-23T12:35:04Z
4,Fletch 4,3A,SEA,2026-09-23T21:36:02Z
4,Morning Chuba 4,3A,KC,2026-09-24T00:16:52Z
4,WZKB 4,3A,CIN,2026-09-22T14:52:52Z
4,AssKickers 4,3A,CIN,2026-09-20T23:58:42Z
4,Fielder 4,3A,DET,2026-09-21T16:56:12Z
4,JEG#1 4,3A,JAX,2026-09-26T00:38:47Z
4,Doug Cook 4,3A,SEA,2026-09-23T15:16:22Z
4,PB -  jd/ct 4,3A,SEA,2026-09-24T23:35:46Z
4,Bob & Jackie 4,3A,WSH,2026-09-25T00:32:08Z
4,Aidan O'Hara 4,3A,SEA,2026-09-23T00:25:13Z
4,BigCat#30 - 4,3A,KC,2026-09-27T15:09:37Z
4,Karl Havoc 4,3A,DET,2026-09-21T14:57:56Z
4,TG94 4,3A,KC,2026-09-24T00:02:47Z
4,Skooter 4,3A,MIA,2026-09-21T03:07:48Z
4,Garner 4,3A,NYG,2026-09-23T15:33:22Z
4,JFerrell 4,3A,SEA,2026-09-23T12:23:36Z
4,BCAT 4,3A,SF,2026-09-22T10:01:32Z
4,The Rocket 4,3A,KC,2026-09-21T14:53:30Z
4,Nube 4,3A,KC,2026-09-22T12:19:34Z
4,BS 4,3A,KC,2026-09-23T02:53:42Z
4,GWhite 4,3A,MIA,2026-09-23T20:25:46Z
4,CWHITE 4,3A,BUF,2026-09-21T19:44:23Z
4,BLURRS 4,3A,SEA,2026-09-26T19:45:14Z
4,Randall_R 4,3A,DET,2026-09-26T23:29:21Z
4,a.schneck 4,3A,ARI,2026-09-20T23:59:01Z
4,Raider Haters 4,3A,PHI,2026-09-25T22:35:44Z
4,Foost26 4,3A,DET,2026-09-25T00:30:54Z
4,Savage outdoors 4,3A,SF,2026-09-23T14:10:16Z
4,colorado_viking 4,3A,DET,2026-09-27T11:57:13Z
4,Tim Kost 4,3A,BUF,2026-09-24T19:16:16Z
4,CTaylor 4,3A,SF,2026-09-24T02:03:54Z
4,Jake’s Irish 4,3A,PHI,2026-09-21T10:38:16Z
4,Ray LaMarca 4,3A,GB,2026-09-22T23:49:10Z
4,Homeslice 4,3A,GB,2026-09-23T18:49:35Z
4,The Hip 4,3A,BUF,2026-09-21T23:34:53Z
4,AJ 4,3A,BUF,2026-09-22T15:55:59Z
4,Tamasi 4,3A,GB,2026-09-24T13:27:43Z
4,BadaBehm 4,3A,GB,2026-09-21T01:54:14Z
4,Sathre 4,3A,SEA,2026-09-23T13:31:09Z
4,A.K.A. King Gio 4,3A,SF,2026-09-27T07:19:35Z
4,.buckle up 4,3A,KC,2026-09-27T06:02:13Z
4,Simanek 4,3A,NO,2026-09-23T22:09:02Z
4,lance manion 4,3A,DET,2026-09-22T04:42:26Z
4,tchristl 4,3A,SEA,2026-09-21T13:49:59Z
4,SJU 4,3A,KC,2026-09-24T14:17:26Z
4,Skidmark 4,3A,ATL,2026-09-24T23:51:46Z
4,Unregulated 4,3A,DET,2026-09-24T23:54:55Z
4,TommyGun 4,3A,KC,2026-09-26T02:21:33Z
4,OMB 4,3A,DET,2026-09-20T23:36:25Z
4,RabidGophers 4,3A,WSH,2026-09-21T14:25:45Z
4,Liamo 4,3A,BUF,2026-09-25T05:47:04Z
4,CJ2 4,3A,DET,2026-09-26T14:14:51Z
4,Halftrack 4,3A,JAX,2026-09-26T23:43:52Z
4,MrOct20 4,3A,KC,2026-09-27T16:10:51Z
4,jfkhyland 4,3A,GB,2026-09-24T02:35:46Z
4,Jon Swanson 4,3A,KC,2026-09-26T15:39:06Z
4,Tolly 4,3A,PHI,2026-09-23T03:52:46Z
4,Travis K 4,3A,KC,2026-09-22T13:56:09Z
4,The Dark Knights 4,3A,ARI,2026-09-24T02:36:16Z
4,slyoss 4,3A,NYG,2026-09-27T04:47:01Z
4,TJB 4,3A,DET,2026-09-24T20:09:30Z
4,Rhodekill 4,3A,BUF,2026-09-22T01:56:17Z
4,A.Lewis 4,3A,LV,2026-09-23T04:28:03Z
4,Mal 4,3A,GB,2026-09-24T03:24:03Z
4,Trevor Caliebe 4,3A,GB,2026-09-24T11:22:59Z
4,MikeM 4,3A,KC,2026-09-27T13:56:48Z
4,Luke K 4,3A,GB,2026-09-24T13:03:00Z
4,yogi 1 4,3A,TEN,2026-09-26T01:24:03Z
4,ryan miller 4,3A,SEA,2026-09-27T07:21:48Z
4,BillsMafiaJA17 4,3A,PHI,2026-09-21T02:09:52Z
4,AndrewL 4,3A,SF,2026-09-26T17:24:12Z
4,The Tavern 4,3A,BUF,2026-09-27T13:49:41Z
4,.ZF 4,3A,DET,2026-09-22T14:58:42Z
4,Early Exit 4,3A,SF,2026-09-27T15:22:21Z
4,Cryan 4,3A,DET,2026-09-21T02:07:02Z
4,akahn 4,3A,SF,2026-09-23T01:35:30Z
4,CSmith311 4,3A,GB,2026-09-21T12:03:42Z
4,Tetlow 4,3A,SEA,2026-09-23T11:46:06Z
4,darcyvikinggirl 4,3A,KC,2026-09-24T02:00:20Z
4,Shot to the Chops 4,3A,BUF,2026-09-22T03:12:56Z
4,Mike Egan 4,3A,JAX,2026-09-23T15:44:36Z
4,Steiger Family 4,3A,SF,2026-09-21T13:13:27Z
4,Dennis/Sheik 4,3A,GB,2026-09-24T02:12:47Z
4,Sheik/Dennis 4,3A,KC,2026-09-27T16:00:58Z
4,Kim 4,3A,BUF,2026-09-27T14:36:23Z
4,Jacob Kost 4,3A,SF,2026-09-23T17:55:50Z
4,Theo G 4,3A,KC,2026-09-23T16:04:25Z
4,JohnD 4,3A,IND,2026-09-27T01:13:54Z
4,Clarkesworld 4,3A,ARI,2026-09-22T03:23:24Z
4,Team Callipygian 4,3A,GB,2026-09-22T11:54:33Z
4,Jobu's Rum 4,3A,MIA,2026-09-21T05:20:30Z
4,Sherlock 4,3A,NO,2026-09-26T04:51:52Z
4,Kraigisley 4,3A,KC,2026-09-24T12:05:33Z
4,bjoachim 4,3A,KC,2026-09-21T13:59:28Z
4,Jahoobies 4,3A,BUF,2026-09-25T18:00:13Z
4,Grandview Zebras 4,3A,DET,2026-09-23T14:12:33Z
4,The Committee 4,3A,PHI,2026-09-23T19:54:48Z
4,Dave LaFond 4,3A,BUF,2026-09-24T19:48:06Z
4,Fish1013Sr 4,3A,KC,2026-09-22T05:19:08Z
4,Jonathan F 4,3A,ARI,2026-09-21T03:34:13Z
4,Nick Latzke 4,3A,CHI,2026-09-27T16:54:37Z
4,Thakur 4,3A,SEA,2026-09-27T14:24:17Z
4,James @Oakside 4,3A,SF,2026-09-23T13:25:17Z
4,Megs 4,3A,NE,2026-09-25T00:38:59Z
4,Balls-less Walz 4,3A,GB,2026-09-20T23:40:50Z
4,Nick Hayes 4,3A,SF,2026-09-22T18:02:19Z
4,Jokes Sean Can't Take: 4,3A,JAX,2026-09-27T05:56:47Z
4,YOURFACE 4,3A,GB,2026-09-22T19:23:55Z
4,MyMercedes 4,3A,SF,2026-09-23T14:27:53Z
4,JEnerson 4,3A,KC,2026-09-22T22:02:22Z
4,R.Sprad 4,3A,PHI,2026-09-27T14:56:09Z
4,bprochaska 4,3A,SF,2026-09-23T14:19:22Z
4,Lay The Points 4,3A,KC,2026-09-24T18:08:27Z
4,Gina Nelson 4,3A,KC,2026-09-25T00:39:16Z
4,Schippy 4,3A,MIA,2026-09-20T20:46:40Z
4,Troy Michaels 4,3A,SEA,2026-09-27T15:35:40Z
4,Bennyboy 4,3A,ATL,2026-09-21T15:17:46Z
4,laruffa 4,3A,DET,2026-09-24T23:08:50Z
4,Show Pony 4,3A,SF,2026-09-27T18:23:45Z
4,Tyler O 4,3A,WSH,2026-09-27T16:11:41Z
4,Travis Swift 4,3A,BUF,2026-09-22T18:01:17Z
4,RevengeoftheMahomes 4,3A,DET,2026-09-23T10:26:28Z
4,Ryan S 4,3A,BUF,2026-09-25T23:30:37Z
4,Mash Buttatoes 4,3A,DAL,2026-09-24T23:21:45Z
4,Titzer 4,3A,SF,2026-09-24T20:44:38Z
4,G unit 4,3A,KC,2026-09-22T02:20:10Z
4,TyshawnLebron 4,3A,DET,2026-09-24T18:50:37Z
4,Phi43 4,3A,DET,2026-09-26T22:51:04Z
4,Witzee 4,3A,DAL,2026-09-23T17:43:45Z
4,jfleeck 4,3A,KC,2026-09-24T14:34:46Z
4,DutchOven 4,3A,SF,2026-09-24T01:48:00Z
4,FredG 4,3A,KC,2026-09-26T23:14:00Z
4,Benbewinning 4,3A,GB,2026-09-24T02:14:16Z
4,NJV 4,3A,PHI,2026-09-21T15:40:08Z
4,Half Pint Hagen 4,3A,DET,2026-09-24T20:47:23Z
4,AndrewJ 4,3A,KC,2026-09-26T17:21:51Z
4,Zweber 4,3A,BUF,2026-09-27T15:31:04Z
4,Big Blue 4,3A,CAR,2026-09-24T03:24:55Z
4,Homeyjoe 4,3A,ATL,2026-09-22T15:34:57Z
4,Jordan Dvorak 4,3A,KC,2026-09-25T02:17:43Z
4,MandB 4,3A,SEA,2026-09-24T22:23:44Z
4,Terhune 4,3A,DET,2026-09-24T16:25:42Z
4,AShores88 4,3A,BUF,2026-09-24T23:58:49Z
4,Shores 4,3A,GB,2026-09-24T02:48:39Z
4,Jake Bazella 4,3A,JAX,2026-09-26T14:47:54Z
4,WeRunSolo 4,3A,KC,2026-09-21T11:33:21Z
4,Spoonman 4,3A,SF,2026-09-26T17:44:53Z
4,Coates55 4,3A,GB,2026-09-21T06:22:57Z
4,DonHollywood 4,3A,GB,2026-09-24T07:28:12Z
4,DirtyBirdie 4,3A,SF,2026-09-26T22:31:30Z
4,sdanciak 4,3A,SF,2026-09-22T12:01:00Z
4,Victor D 4,3A,BUF,2026-09-23T14:08:48Z
4,BDvorak 4,3A,BUF,2026-09-27T14:30:05Z
4,Nschram 4,3A,GB,2026-09-25T00:11:10Z
4,Steve Demy 4,3A,KC,2026-09-23T18:18:43Z
4,Cat 4,3A,SF,2026-09-23T00:59:18Z
4,Swarner 4,3A,DET,2026-09-27T14:40:58Z
4,Rsmart 4,3A,NO,2026-09-27T14:46:45Z
4,BERP 4,3A,DET,2026-09-26T13:26:23Z
4,RJRT 4,3A,GB,2026-09-25T00:13:48Z
4,Berns Bags and Friends 4,3A,DET,2026-09-24T02:57:51Z
4,-EV. 4,3A,NYJ,2026-09-24T00:50:34Z
4,Dang 4,3A,NYG,2026-09-21T14:57:17Z
4,Old Gregg 4,3A,NO,2026-09-27T16:04:30Z
4,Mabel Miranda 4,3A,KC,2026-09-24T13:31:41Z
4,enerson413 4,3A,BUF,2026-09-24T00:34:54Z
4,Showtime 4,3A,NO,2026-09-27T16:26:34Z
4,Papa Funk 1 4,3A,DET,2026-09-27T11:08:05Z
4,Yosemite Sam 4,3A,NYG,2026-09-22T13:50:20Z
4,Brian Hanson 4,3A,KC,2026-09-27T13:55:44Z
4,Greg Lau 4,3A,PHI,2026-09-24T20:14:14Z
4,Matty Ice 4,3A,NO,2026-09-27T16:48:25Z
4,It's Our Time 4,3A,NO,2026-09-27T16:24:28Z
4,Val Estrada 4,3A,SEA,2026-09-27T13:38:46Z
4,Show me your TDs 4,3A,WSH,2026-09-27T14:44:48Z
4,Skol to the Bowl 4,3A,PHI,2026-09-25T00:46:48Z
4,Revenge of the Vrabes 4,3A,CAR,2026-09-25T19:02:28Z
4,JCG 4,3A,CAR,2026-09-27T08:33:23Z
4,Cecil G 4,3A,NO,2026-09-24T14:57:04Z
4,Pooter 4,3A,KC,2026-09-23T16:28:56Z
4,Proasscoach 4,3A,DET,2026-09-22T12:16:25Z
4,Angiegirl 4,3A,BUF,2026-09-21T07:29:39Z
4,Evo 4G63 Lover 4,3A,PHI,2026-09-27T22:18:27Z
4,JM 4,3A,JAX,2026-09-22T01:15:08Z
4,Brainjw 4,3A,DET,2026-09-25T17:06:40Z
5,Stow 5,3A,SEA,2026-09-25T03:20:45Z
5,BossHogg 5,3A,KC,2026-09-27T11:52:24Z
5,Dobolicious 5,3A,MIA,2026-09-24T21:59:50Z
5,QueenJoanie 5,3A,BUF,2026-09-27T11:12:02Z
5,Larry Hess 5,3A,KC,2026-09-22T14:23:18Z
5,Oki 5,3A,NO,2026-09-27T14:59:33Z
5,Tim The Enchanter 5,3A,DET,2026-09-14T17:52:50Z
5,RobbyMcRobface 5,3A,PHI,2026-09-23T14:30:38Z
5,Chronos 5,3A,DET,2026-09-23T22:11:19Z
5,Robert Dean 5,3A,GB,2026-09-23T17:07:26Z
5,HSJL 5,3A,SF,2026-09-24T11:43:59Z
5,Scoots28 5,3A,PHI,2026-09-24T01:24:43Z
5,Masterdeflater 5,3A,GB,2026-09-22T16:01:33Z
5,sweat hogs 5,3A,SF,2026-09-27T11:56:47Z
5,Muskhogeans 5,3A,CIN,2026-09-27T11:54:04Z
5,shogi 5,3A,SEA,2026-09-27T11:56:17Z
5,Merril Hoge 5,3A,SEA,2026-09-27T11:53:24Z
5,orthogonal 5,3A,SF,2026-09-27T11:57:03Z
5,Nicks picks 5,3A,LAC,2026-09-21T12:08:28Z
5,Number 9 5,3A,IND,2026-09-21T02:40:55Z
5,KC Wildcats 5,3A,NYG,2026-09-20T23:09:45Z
5,Mitch's Maniacs 5,3A,ARI,2026-09-20T21:18:36Z
5,Bottom Feeder 5,3A,CAR,2026-09-24T20:11:34Z
5,CoorsBanquet 5,3A,SEA,2026-09-27T00:23:42Z
5,FishKing17 5,3A,MIA,2026-09-21T14:20:42Z
5,X-Ray 5,3A,GB,2026-09-24T21:59:56Z
5,Drago 5,3A,DET,2026-09-21T14:51:26Z
5,.PALMER 5,3A,NYG,2026-09-21T17:33:15Z
5,DCloud 5,3A,KC,2026-09-24T16:20:04Z
5,iwasatthesswift-kelcewedding 5,3A,SEA,2026-09-24T01:35:22Z
5,Lep 5,3A,NYG,2026-09-24T17:34:52Z
5,CGully 5,3A,SF,2026-09-23T21:08:26Z
5,Halvey 5,3A,SF,2026-09-21T14:32:14Z
5,Eastside 17 5,3A,MIN,2026-09-24T01:26:39Z
5,Greenlun 5,3A,MIA,2026-09-23T00:42:40Z
5,danohara 5,3A,BUF,2026-09-27T10:37:01Z
5,Schwing 5,3A,MIA,2026-09-22T23:58:49Z
5,Hain 5,3A,SEA,2026-09-23T19:42:15Z
5,Jacob Goergen 5,3A,SF,2026-09-26T17:40:05Z
5,Alex Allen 5,3A,CHI,2026-09-24T02:24:03Z
5,ThisIsTheYear 5,3A,NYG,2026-09-27T16:06:48Z
5,The Lock of the Week 5,3A,KC,2026-09-23T18:29:37Z
5,One Pump Love & Dump 5,3A,PHI,2026-09-22T16:39:36Z
5,TonerPirates 5,3A,DET,2026-09-23T01:59:17Z
5,Redgem 5,3A,DET,2026-09-23T21:07:30Z
5,IBian 5,3A,TEN,2026-09-23T17:33:03Z
5,Psorensen 5,3A,KC,2026-09-24T13:50:09Z
5,SkolVikes 5,3A,KC,2026-09-23T18:08:43Z
5,Tony G 5,3A,CAR,2026-09-22T01:37:40Z
5,Mongoose 5,3A,BUF,2026-09-23T12:35:06Z
5,Fletch 5,3A,ARI,2026-09-23T21:36:17Z
5,Morning Chuba 5,3A,KC,2026-09-24T00:17:00Z
5,WZKB 5,3A,NO,2026-09-22T14:53:19Z
5,Fielder 5,3A,NYG,2026-09-21T16:55:59Z
5,JEG#1 5,3A,LAC,2026-09-23T10:40:36Z
5,Doug Cook 5,3A,KC,2026-09-23T15:16:50Z
5,PB -  jd/ct 5,3A,SF,2026-09-24T23:36:14Z
5,Aidan O'Hara 5,3A,PHI,2026-09-23T00:25:29Z
5,BigCat#30 - 5,3A,KC,2026-09-27T15:09:40Z
5,Karl Havoc 5,3A,DET,2026-09-21T14:57:58Z
5,Garner 5,3A,NYG,2026-09-23T15:33:26Z
5,JFerrell 5,3A,BUF,2026-09-23T12:23:45Z
5,BCAT 5,3A,BUF,2026-09-22T10:02:01Z
5,The Rocket 5,3A,MIA,2026-09-21T14:53:43Z
5,Nube 5,3A,KC,2026-09-22T12:19:40Z
5,BS 5,3A,KC,2026-09-23T02:53:47Z
5,GWhite 5,3A,SEA,2026-09-23T20:26:00Z
5,CWHITE 5,3A,GB,2026-09-21T19:43:30Z
5,Randall_R 5,3A,BUF,2026-09-26T23:29:23Z
5,Raider Haters 5,3A,KC,2026-09-25T22:36:01Z
5,Foost26 5,3A,BUF,2026-09-25T00:31:00Z
5,Savage outdoors 5,3A,DET,2026-09-23T14:10:50Z
5,colorado_viking 5,3A,DET,2026-09-27T11:58:05Z
5,Tim Kost 5,3A,BUF,2026-09-24T19:16:32Z
5,CTaylor 5,3A,MIA,2026-09-24T02:04:28Z
5,Jake’s Irish 5,3A,DET,2026-09-21T21:13:59Z
5,Homeslice 5,3A,GB,2026-09-23T18:49:40Z
5,AJ 5,3A,DET,2026-09-22T15:56:56Z
5,Tamasi 5,3A,DET,2026-09-24T13:27:46Z
5,BadaBehm 5,3A,GB,2026-09-21T01:54:16Z
5,A.K.A. King Gio 5,3A,SEA,2026-09-27T07:19:41Z
5,.buckle up 5,3A,SEA,2026-09-27T06:02:16Z
5,Simanek 5,3A,GB,2026-09-23T22:11:40Z
5,lance manion 5,3A,NO,2026-09-22T13:00:46Z
5,SJU 5,3A,KC,2026-09-24T14:17:38Z
5,Skidmark 5,3A,NO,2026-09-21T02:27:33Z
5,Unregulated 5,3A,ATL,2026-09-24T23:52:43Z
5,TommyGun 5,3A,KC,2026-09-22T01:48:40Z
5,OMB 5,3A,GB,2026-09-20T23:36:31Z
5,RabidGophers 5,3A,SEA,2026-09-21T14:23:35Z
5,Liamo 5,3A,CHI,2026-09-23T00:29:08Z
5,CJ2 5,3A,PIT,2026-09-26T14:16:28Z
5,MrOct20 5,3A,KC,2026-09-27T16:10:34Z
5,jfkhyland 5,3A,DET,2026-09-24T02:38:40Z
5,Jon Swanson 5,3A,NE,2026-09-26T15:39:14Z
5,Tolly 5,3A,KC,2026-09-23T03:52:46Z
5,Travis K 5,3A,GB,2026-09-22T13:48:07Z
5,slyoss 5,3A,TEN,2026-09-27T04:47:50Z
5,TJB 5,3A,KC,2026-09-22T22:46:24Z
5,Rhodekill 5,3A,GB,2026-09-22T01:56:20Z
5,A.Lewis 5,3A,DET,2026-09-23T04:28:10Z
5,Mal 5,3A,SF,2026-09-24T03:24:36Z
5,Trevor Caliebe 5,3A,GB,2026-09-24T11:23:03Z
5,MikeM 5,3A,BUF,2026-09-27T13:56:40Z
5,yogi 1 5,3A,SF,2026-09-27T14:51:50Z
5,ryan miller 5,3A,SF,2026-09-27T07:21:56Z
5,BillsMafiaJA17 5,3A,GB,2026-09-21T02:10:09Z
5,AndrewL 5,3A,SEA,2026-09-26T17:25:11Z
5,The Tavern 5,3A,BUF,2026-09-27T13:49:43Z
5,Early Exit 5,3A,SF,2026-09-27T15:19:32Z
5,Cryan 5,3A,GB,2026-09-21T02:07:05Z
5,akahn 5,3A,NO,2026-09-23T01:35:43Z
5,CSmith311 5,3A,GB,2026-09-21T12:03:43Z
5,Tetlow 5,3A,BUF,2026-09-23T11:46:15Z
5,darcyvikinggirl 5,3A,KC,2026-09-24T02:00:23Z
5,Shot to the Chops 5,3A,DET,2026-09-22T03:13:08Z
5,Mike Egan 5,3A,JAX,2026-09-23T15:44:40Z
5,Steiger Family 5,3A,SEA,2026-09-24T11:28:42Z
5,Kim 5,3A,MIA,2026-09-27T14:35:14Z
5,Theo G 5,3A,KC,2026-09-25T12:43:19Z
5,JohnD 5,3A,WSH,2026-09-27T01:10:57Z
5,Clarkesworld 5,3A,ARI,2026-09-22T03:21:45Z
5,Team Callipygian 5,3A,GB,2026-09-23T23:25:01Z
5,Jobu's Rum 5,3A,CIN,2026-09-26T20:25:49Z
5,Sherlock 5,3A,SF,2026-09-26T04:53:09Z
5,bjoachim 5,3A,KC,2026-09-21T13:59:34Z
5,Jahoobies 5,3A,CIN,2026-09-25T18:00:36Z
5,Grandview Zebras 5,3A,KC,2026-09-23T14:12:51Z
5,The Committee 5,3A,KC,2026-09-23T19:53:26Z
5,Dave LaFond 5,3A,SEA,2026-09-24T19:48:22Z
5,Fish1013Sr 5,3A,WSH,2026-09-22T05:18:24Z
5,Jonathan F 5,3A,SEA,2026-09-22T19:09:29Z
5,Nick Latzke 5,3A,CAR,2026-09-25T19:06:18Z
5,Thakur 5,3A,SF,2026-09-27T14:24:37Z
5,James @Oakside 5,3A,SF,2026-09-08T20:35:31Z
5,Nick Hayes 5,3A,DET,2026-09-22T18:02:48Z
5,Jokes Sean Can't Take: 5,3A,KC,2026-09-27T05:55:00Z
5,YOURFACE 5,3A,MIA,2026-09-22T17:56:44Z
5,MyMercedes 5,3A,BUF,2026-09-23T14:28:08Z
5,R.Sprad 5,3A,CIN,2026-09-27T14:56:23Z
5,bprochaska 5,3A,SEA,2026-09-23T14:19:43Z
5,Gina Nelson 5,3A,SEA,2026-09-25T00:39:42Z
5,Schippy 5,3A,DET,2026-09-20T20:55:01Z
5,Troy Michaels 5,3A,NO,2026-09-27T15:36:12Z
5,Bennyboy 5,3A,CAR,2026-09-23T14:47:05Z
5,laruffa 5,3A,SF,2026-09-24T23:09:05Z
5,Show Pony 5,3A,MIN,2026-09-27T18:25:39Z
5,Travis Swift 5,3A,KC,2026-09-22T18:01:24Z
5,RevengeoftheMahomes 5,3A,SF,2026-09-25T22:12:40Z
5,Ryan S 5,3A,SEA,2026-09-25T23:30:42Z
5,Mash Buttatoes 5,3A,LAR,2026-09-24T23:22:07Z
5,Titzer 5,3A,SEA,2026-09-24T20:45:19Z
5,G unit 5,3A,NO,2026-09-22T02:20:50Z
5,TyshawnLebron 5,3A,KC,2026-09-23T16:44:25Z
5,Witzee 5,3A,CAR,2026-09-23T17:43:57Z
5,jfleeck 5,3A,GB,2026-09-24T14:34:49Z
5,DutchOven 5,3A,JAX,2026-09-24T01:48:31Z
5,FredG 5,3A,GB,2026-09-24T16:41:15Z
5,NJV 5,3A,GB,2026-09-21T15:40:19Z
5,Half Pint Hagen 5,3A,BUF,2026-09-24T20:47:59Z
5,Zweber 5,3A,KC,2026-09-27T15:31:10Z
5,Big Blue 5,3A,DET,2026-09-24T03:25:24Z
5,Jordan Dvorak 5,3A,BUF,2026-09-25T02:18:01Z
5,MandB 5,3A,CIN,2026-09-24T22:24:56Z
5,Terhune 5,3A,GB,2026-09-24T16:19:30Z
5,AShores88 5,3A,KC,2026-09-24T23:59:09Z
5,Shores 5,3A,BUF,2026-09-24T02:48:42Z
5,WeRunSolo 5,3A,KC,2026-09-21T11:33:25Z
5,Spoonman 5,3A,SF,2026-09-26T17:45:15Z
5,Coates55 5,3A,DET,2026-09-21T06:23:06Z
5,DonHollywood 5,3A,KC,2026-09-24T07:28:30Z
5,DirtyBirdie 5,3A,DET,2026-09-26T22:31:23Z
5,sdanciak 5,3A,KC,2026-09-22T11:58:50Z
5,Victor D 5,3A,SF,2026-09-23T14:05:30Z
5,BDvorak 5,3A,NYJ,2026-09-27T14:29:44Z
5,Nschram 5,3A,DET,2026-09-27T13:16:08Z
5,Steve Demy 5,3A,BUF,2026-09-23T18:19:01Z
5,Swarner 5,3A,NYG,2026-09-27T14:41:05Z
5,Rsmart 5,3A,WSH,2026-09-27T14:47:01Z
5,RJRT 5,3A,GB,2026-09-22T02:05:39Z
5,Berns Bags and Friends 5,3A,DET,2026-09-24T02:55:34Z
5,-EV. 5,3A,GB,2026-09-24T00:50:20Z
5,Old Gregg 5,3A,DET,2026-09-27T16:11:14Z
5,Mabel Miranda 5,3A,SF,2026-09-24T13:31:45Z
5,Showtime 5,3A,CHI,2026-09-27T16:19:49Z
5,Papa Funk 1 5,3A,SF,2026-09-27T11:06:51Z
5,Greg Lau 5,3A,BUF,2026-09-24T20:12:03Z
5,Matty Ice 5,3A,CAR,2026-09-27T16:49:17Z
5,It's Our Time 5,3A,CAR,2026-09-27T16:22:27Z
5,Show me your TDs 5,3A,CLE,2026-09-27T14:45:10Z
5,Skol to the Bowl 5,3A,KC,2026-09-25T00:46:38Z
5,Revenge of the Vrabes 5,3A,CIN,2026-09-25T19:01:41Z
5,JCG 5,3A,DET,2026-09-27T08:34:08Z
5,Pooter 5,3A,SF,2026-09-23T16:30:02Z
5,Cat 5,3A,BUF,2026-09-24T01:39:37Z
5,Proasscoach 5,3A,DET,2026-09-22T12:16:31Z
6,Stow 6,3A,BUF,2026-09-25T03:20:45Z
6,BossHogg 6,3A,SEA,2026-09-27T11:52:45Z
6,Dobolicious 6,3A,ARI,2026-09-24T22:00:14Z
6,Larry Hess 6,3A,SEA,2026-09-22T14:23:01Z
6,Oki 6,3A,SF,2026-09-27T14:59:40Z
6,Chronos 6,3A,SF,2026-09-21T19:18:02Z
6,Robert Dean 6,3A,NYG,2026-09-23T17:13:32Z
6,HSJL 6,3A,SF,2026-09-24T22:04:13Z
6,Scoots28 6,3A,SF,2026-09-24T01:25:09Z
6,sweat hogs 6,3A,SF,2026-09-27T11:57:35Z
6,Muskhogeans 6,3A,NYG,2026-09-27T11:54:10Z
6,shogi 6,3A,CIN,2026-09-27T11:55:29Z
6,Merril Hoge 6,3A,SF,2026-09-27T11:56:37Z
6,orthogonal 6,3A,SEA,2026-09-27T11:54:47Z
6,Nicks picks 6,3A,LAC,2026-09-21T12:08:20Z
6,Number 9 6,3A,GB,2026-09-21T02:41:15Z
6,FishKing17 6,3A,GB,2026-09-22T19:55:35Z
6,X-Ray 6,3A,DET,2026-09-24T22:00:08Z
6,.PALMER 6,3A,NYJ,2026-09-21T17:32:26Z
6,Lep 6,3A,NO,2026-09-24T17:35:24Z
6,Eastside 17 6,3A,ATL,2026-09-24T01:22:45Z
6,Greenlun 6,3A,DET,2026-09-23T00:41:57Z
6,danohara 6,3A,JAX,2026-09-27T10:37:57Z
6,Schwing 6,3A,GB,2026-09-22T23:59:01Z
6,One Pump Love & Dump 6,3A,GB,2026-09-22T16:41:27Z
6,Redgem 6,3A,GB,2026-09-24T22:29:41Z
6,IBian 6,3A,KC,2026-09-23T17:33:12Z
6,Psorensen 6,3A,KC,2026-09-24T13:50:12Z
6,Tony G 6,3A,KC,2026-09-22T01:37:48Z
6,Fletch 6,3A,PHI,2026-09-23T21:36:35Z
6,Morning Chuba 6,3A,KC,2026-09-24T00:17:10Z
6,WZKB 6,3A,JAX,2026-09-22T14:53:40Z
6,JEG#1 6,3A,DET,2026-09-26T00:39:36Z
6,PB -  jd/ct 6,3A,GB,2026-09-23T01:24:01Z
6,Aidan O'Hara 6,3A,DET,2026-09-23T00:25:34Z
6,BigCat#30 - 6,3A,BUF,2026-09-27T16:21:22Z
6,Karl Havoc 6,3A,DET,2026-09-21T14:58:00Z
6,BS 6,3A,KC,2026-09-23T02:53:52Z
6,Randall_R 6,3A,BUF,2026-09-26T23:29:26Z
6,Savage outdoors 6,3A,KC,2026-09-23T14:10:56Z
6,colorado_viking 6,3A,KC,2026-09-27T11:58:15Z
6,Tim Kost 6,3A,KC,2026-09-24T19:16:35Z
6,CTaylor 6,3A,ARI,2026-09-24T02:04:50Z
6,Jake’s Irish 6,3A,SEA,2026-09-23T20:46:34Z
6,Homeslice 6,3A,NYG,2026-09-23T18:49:51Z
6,Tamasi 6,3A,MIA,2026-09-24T13:27:53Z
6,A.K.A. King Gio 6,3A,SEA,2026-09-27T07:20:21Z
6,.buckle up 6,3A,KC,2026-09-27T06:02:50Z
6,Simanek 6,3A,ATL,2026-09-23T22:09:55Z
6,SJU 6,3A,SF,2026-09-24T14:18:32Z
6,Skidmark 6,3A,SF,2026-09-21T10:19:04Z
6,OMB 6,3A,BUF,2026-09-25T14:32:22Z
6,RabidGophers 6,3A,SF,2026-09-21T14:23:51Z
6,Liamo 6,3A,NO,2026-09-25T05:47:43Z
6,Tolly 6,3A,BUF,2026-09-25T03:20:45Z
6,slyoss 6,3A,TEN,2026-09-27T04:47:19Z
6,A.Lewis 6,3A,PHI,2026-09-23T04:28:38Z
6,Mal 6,3A,NO,2026-09-24T03:24:47Z
6,Trevor Caliebe 6,3A,GB,2026-09-24T11:23:05Z
6,ryan miller 6,3A,CAR,2026-09-27T07:22:27Z
6,BillsMafiaJA17 6,3A,GB,2026-09-21T02:10:13Z
6,AndrewL 6,3A,BUF,2026-09-26T17:25:22Z
6,The Tavern 6,3A,KC,2026-09-27T13:49:50Z
6,CSmith311 6,3A,GB,2026-09-21T12:03:45Z
6,darcyvikinggirl 6,3A,KC,2026-09-24T02:00:28Z
6,Shot to the Chops 6,3A,KC,2026-09-22T03:13:15Z
6,Steiger Family 6,3A,SEA,2026-09-24T16:41:49Z
6,JohnD 6,3A,NYG,2026-09-27T01:03:45Z
6,Clarkesworld 6,3A,KC,2026-09-22T03:24:35Z
6,Team Callipygian 6,3A,SEA,2026-09-23T23:26:59Z
6,Sherlock 6,3A,DET,2026-09-26T04:54:14Z
6,bjoachim 6,3A,KC,2026-09-21T14:00:12Z
6,Grandview Zebras 6,3A,DET,2026-09-24T21:09:23Z
6,The Committee 6,3A,SEA,2026-09-23T19:52:39Z
6,Dave LaFond 6,3A,DET,2026-09-24T19:49:27Z
6,Nick Latzke 6,3A,SF,2026-09-27T16:56:10Z
6,YOURFACE 6,3A,DET,2026-09-22T19:24:05Z
6,Gina Nelson 6,3A,CIN,2026-09-25T00:42:21Z
6,Schippy 6,3A,GB,2026-09-20T20:52:48Z
6,Troy Michaels 6,3A,KC,2026-09-27T15:36:31Z
6,Bennyboy 6,3A,GB,2026-09-23T14:47:11Z
6,laruffa 6,3A,KC,2026-09-24T23:09:09Z
6,Show Pony 6,3A,MIN,2026-09-27T18:25:07Z
6,Mash Buttatoes 6,3A,GB,2026-09-24T23:21:07Z
6,Titzer 6,3A,GB,2026-09-24T20:45:24Z
6,James @Oakside 6,3A,SF,2026-09-23T13:25:47Z
6,G unit 6,3A,GB,2026-09-22T02:21:12Z
6,Witzee 6,3A,NYG,2026-09-23T17:44:14Z
6,DutchOven 6,3A,SF,2026-09-24T01:48:43Z
6,Half Pint Hagen 6,3A,KC,2026-09-24T22:00:01Z
6,Jordan Dvorak 6,3A,CIN,2026-09-25T03:48:07Z
6,MandB 6,3A,GB,2026-09-24T22:25:06Z
6,Shores 6,3A,DET,2026-09-24T02:48:50Z
6,Coates55 6,3A,CHI,2026-09-21T06:20:54Z
6,Steve Demy 6,3A,SF,2026-09-23T18:19:43Z
6,Swarner 6,3A,SEA,2026-09-27T14:41:11Z
6,Berns Bags and Friends 6,3A,DET,2026-09-24T02:55:48Z
6,Raider Haters 6,3A,TEN,2026-09-25T22:36:53Z
6,Old Gregg 6,3A,GB,2026-09-24T23:43:36Z
6,Mabel Miranda 6,3A,SF,2026-09-24T13:31:49Z
6,Showtime 6,3A,MIA,2026-09-27T16:52:19Z
6,Matty Ice 6,3A,CAR,2026-09-27T16:49:22Z
6,Show me your TDs 6,3A,KC,2026-09-27T14:52:37Z
6,Proasscoach 6,3A,SF,2026-09-22T12:16:43Z
6,ThisIsTheYear 6,3A,CIN,2026-09-27T16:18:02Z
7,Stow 7,3A,BUF,2026-09-25T03:20:45Z
7,BossHogg 7,3A,KC,2026-09-27T11:52:29Z
7,Dobolicious 7,3A,CAR,2026-09-25T01:17:50Z
7,Larry Hess 7,3A,SF,2026-09-22T14:22:26Z
7,Oki 7,3A,GB,2026-09-23T07:19:01Z
7,Chronos 7,3A,SEA,2026-09-23T22:11:54Z
7,Robert Dean 7,3A,LAC,2026-09-23T17:12:44Z
7,HSJL 7,3A,WSH,2026-09-22T12:14:46Z
7,Scoots28 7,3A,DET,2026-09-24T01:25:13Z
7,sweat hogs 7,3A,SF,2026-09-27T11:57:41Z
7,Muskhogeans 7,3A,SEA,2026-09-27T11:54:42Z
7,shogi 7,3A,CIN,2026-09-27T11:55:34Z
7,Merril Hoge 7,3A,KC,2026-09-27T11:54:25Z
7,orthogonal 7,3A,PHI,2026-09-27T11:58:33Z
7,Nicks picks 7,3A,BUF,2026-09-21T12:12:37Z
7,Number 9 7,3A,SEA,2026-09-21T02:41:57Z
7,FishKing17 7,3A,TB,2026-09-22T19:55:52Z
7,X-Ray 7,3A,GB,2026-09-24T21:59:51Z
7,.PALMER 7,3A,NO,2026-09-21T17:32:45Z
7,Lep 7,3A,KC,2026-09-24T17:41:15Z
7,Eastside 17 7,3A,KC,2026-09-24T01:25:05Z
7,Greenlun 7,3A,DET,2026-09-23T00:42:01Z
7,danohara 7,3A,BUF,2026-09-27T10:38:00Z
7,Schwing 7,3A,BUF,2026-09-22T23:59:04Z
7,One Pump Love & Dump 7,3A,KC,2026-09-22T16:44:47Z
7,IBian 7,3A,MIN,2026-09-23T17:33:32Z
7,Tony G 7,3A,SF,2026-09-22T01:38:11Z
7,Fletch 7,3A,DET,2026-09-23T21:36:50Z
7,Morning Chuba 7,3A,KC,2026-09-24T00:17:16Z
7,WZKB 7,3A,KC,2026-09-22T14:54:13Z
7,JEG#1 7,3A,ARI,2026-09-23T10:40:20Z
7,PB -  jd/ct 7,3A,NYG,2026-09-23T01:39:06Z
7,Aidan O'Hara 7,3A,NYJ,2026-09-23T00:26:07Z
7,BigCat#30 - 7,3A,BUF,2026-09-27T16:21:25Z
7,Karl Havoc 7,3A,KC,2026-09-21T14:58:18Z
7,BS 7,3A,KC,2026-09-23T02:53:55Z
7,Savage outdoors 7,3A,KC,2026-09-23T14:11:01Z
7,colorado_viking 7,3A,CIN,2026-09-27T11:58:36Z
7,CTaylor 7,3A,GB,2026-09-24T02:05:04Z
7,Jake’s Irish 7,3A,MIA,2026-09-23T21:02:54Z
7,Homeslice 7,3A,KC,2026-09-23T18:51:39Z
7,A.K.A. King Gio 7,3A,KC,2026-09-27T07:20:26Z
7,.buckle up 7,3A,KC,2026-09-27T06:03:46Z
7,Simanek 7,3A,DET,2026-09-23T22:10:05Z
7,Skidmark 7,3A,GB,2026-09-22T10:36:33Z
7,OMB 7,3A,GB,2026-09-20T23:36:40Z
7,Liamo 7,3A,BUF,2026-09-25T05:47:47Z
7,Tolly 7,3A,BUF,2026-09-25T03:20:45Z
7,slyoss 7,3A,SF,2026-09-27T04:54:16Z
7,A.Lewis 7,3A,TEN,2026-09-23T04:35:39Z
7,Mal 7,3A,CHI,2026-09-24T03:11:25Z
7,ryan miller 7,3A,IND,2026-09-27T07:22:38Z
7,BillsMafiaJA17 7,3A,NO,2026-09-21T02:08:25Z
7,AndrewL 7,3A,KC,2026-09-26T17:25:30Z
7,The Tavern 7,3A,KC,2026-09-27T13:49:54Z
7,CSmith311 7,3A,GB,2026-09-21T12:03:46Z
7,darcyvikinggirl 7,3A,KC,2026-09-24T02:00:32Z
7,Shot to the Chops 7,3A,KC,2026-09-22T03:13:20Z
7,Steiger Family 7,3A,GB,2026-09-21T13:13:35Z
7,JohnD 7,3A,DET,2026-09-27T01:04:01Z
7,Clarkesworld 7,3A,SEA,2026-09-22T03:25:05Z
7,Team Callipygian 7,3A,GB,2026-09-24T13:36:32Z
7,Sherlock 7,3A,ARI,2026-09-24T13:55:01Z
7,bjoachim 7,3A,KC,2026-09-21T14:00:16Z
7,Grandview Zebras 7,3A,MIA,2026-09-23T14:13:19Z
7,The Committee 7,3A,KC,2026-09-23T19:51:36Z
7,Dave LaFond 7,3A,KC,2026-09-27T01:57:39Z
7,Nick Latzke 7,3A,PHI,2026-09-24T20:21:31Z
7,YOURFACE 7,3A,NYG,2026-09-22T19:24:33Z
7,Gina Nelson 7,3A,JAX,2026-09-25T00:42:49Z
7,Schippy 7,3A,ARI,2026-09-20T20:56:58Z
7,Troy Michaels 7,3A,HOU,2026-09-27T15:37:11Z
7,Bennyboy 7,3A,GB,2026-09-23T14:47:15Z
7,laruffa 7,3A,CAR,2026-09-24T23:09:25Z
7,Show Pony 7,3A,PHI,2026-09-27T18:22:39Z
7,Mash Buttatoes 7,3A,SF,2026-09-24T23:19:51Z
7,Titzer 7,3A,NO,2026-09-24T20:45:53Z
7,G unit 7,3A,NO,2026-09-22T02:22:03Z
7,Witzee 7,3A,NYG,2026-09-21T19:29:09Z
7,DutchOven 7,3A,PHI,2026-09-24T01:49:00Z
7,Half Pint Hagen 7,3A,SEA,2026-09-24T20:48:34Z
7,Jordan Dvorak 7,3A,NO,2026-09-25T03:48:15Z
7,Shores 7,3A,PHI,2026-09-24T02:49:15Z
7,Coates55 7,3A,SF,2026-09-24T03:32:52Z
7,Steve Demy 7,3A,SEA,2026-09-27T00:33:05Z
7,Swarner 7,3A,DET,2026-09-27T14:41:16Z
7,Berns Bags and Friends 7,3A,GB,2026-09-24T02:34:48Z
7,Raider Haters 7,3A,SF,2026-09-25T22:36:11Z
7,Old Gregg 7,3A,DET,2026-09-27T16:11:51Z
7,Mabel Miranda 7,3A,KC,2026-09-24T13:32:22Z
7,Randall_R 7,3A,BUF,2026-09-26T23:29:27Z
7,Showtime 7,3A,SEA,2026-09-27T16:52:53Z
7,Matty Ice 7,3A,IND,2026-09-27T16:50:10Z
7,Proasscoach 7,3A,SF,2026-09-22T12:17:06Z
8,Stow 8,3A,KC,2026-09-23T03:52:46Z
8,BossHogg 8,3A,BUF,2026-09-27T11:51:23Z
8,Dobolicious 8,3A,HOU,2026-09-25T01:18:01Z
8,Larry Hess 8,3A,NYJ,2026-09-22T14:17:32Z
8,Oki 8,3A,DET,2026-09-24T07:05:33Z
8,Chronos 8,3A,BUF,2026-09-21T19:17:35Z
8,Robert Dean 8,3A,DET,2026-09-23T17:09:26Z
8,HSJL 8,3A,CLE,2026-09-27T15:13:40Z
8,Scoots28 8,3A,KC,2026-09-24T01:25:34Z
8,sweat hogs 8,3A,SF,2026-09-27T11:57:30Z
8,Muskhogeans 8,3A,CIN,2026-09-27T11:55:24Z
8,shogi 8,3A,SF,2026-09-27T11:58:08Z
8,Merril Hoge 8,3A,SEA,2026-09-27T11:55:54Z
8,orthogonal 8,3A,KC,2026-09-27T11:53:44Z
8,Nicks picks 8,3A,BUF,2026-09-21T12:12:39Z
8,Number 9 8,3A,CAR,2026-09-21T02:42:08Z
8,FishKing17 8,3A,NO,2026-09-22T19:57:13Z
8,X-Ray 8,3A,SF,2026-09-23T11:51:32Z
8,.PALMER 8,3A,ARI,2026-09-21T17:32:56Z
8,Lep 8,3A,CLE,2026-09-24T17:37:53Z
8,Eastside 17 8,3A,LV,2026-09-24T01:23:49Z
8,Greenlun 8,3A,DET,2026-09-23T00:42:05Z
8,danohara 8,3A,SEA,2026-09-27T10:38:16Z
8,Schwing 8,3A,DET,2026-09-22T23:59:16Z
8,One Pump Love & Dump 8,3A,TEN,2026-09-22T16:45:49Z
8,IBian 8,3A,SEA,2026-09-23T17:33:47Z
8,Tony G 8,3A,SEA,2026-09-22T01:38:29Z
8,Fletch 8,3A,CIN,2026-09-23T21:36:58Z
8,Morning Chuba 8,3A,KC,2026-09-24T00:17:21Z
8,WZKB 8,3A,DET,2026-09-22T14:54:31Z
8,JEG#1 8,3A,SF,2026-09-27T15:53:38Z
8,PB -  jd/ct 8,3A,BUF,2026-09-23T01:41:50Z
8,Aidan O'Hara 8,3A,CHI,2026-09-23T00:26:14Z
8,BigCat#30 - 8,3A,BUF,2026-09-27T16:21:28Z
8,Karl Havoc 8,3A,KC,2026-09-21T14:58:22Z
8,BS 8,3A,KC,2026-09-23T02:53:59Z
8,Savage outdoors 8,3A,BUF,2026-09-23T14:11:53Z
8,colorado_viking 8,3A,BUF,2026-09-27T11:57:31Z
8,CTaylor 8,3A,SEA,2026-09-24T02:06:15Z
8,Jake’s Irish 8,3A,CAR,2026-09-21T15:38:42Z
8,Homeslice 8,3A,DET,2026-09-23T18:51:53Z
8,A.K.A. King Gio 8,3A,SF,2026-09-27T07:21:04Z
8,.buckle up 8,3A,SEA,2026-09-27T06:03:56Z
8,Simanek 8,3A,DET,2026-09-23T22:12:10Z
8,Skidmark 8,3A,ATL,2026-09-21T02:28:24Z
8,OMB 8,3A,DET,2026-09-20T23:36:43Z
8,Liamo 8,3A,SF,2026-09-25T05:47:55Z
8,Tolly 8,3A,SEA,2026-09-25T03:20:45Z
8,slyoss 8,3A,KC,2026-09-27T04:54:32Z
8,A.Lewis 8,3A,LAR,2026-09-23T04:29:19Z
8,Mal 8,3A,SEA,2026-09-24T03:25:10Z
8,ryan miller 8,3A,JAX,2026-09-27T07:22:48Z
8,BillsMafiaJA17 8,3A,NO,2026-09-21T02:08:16Z
8,AndrewL 8,3A,SF,2026-09-21T18:43:23Z
8,The Tavern 8,3A,KC,2026-09-27T13:49:58Z
8,CSmith311 8,3A,GB,2026-09-21T12:03:47Z
8,darcyvikinggirl 8,3A,KC,2026-09-24T02:00:36Z
8,Shot to the Chops 8,3A,KC,2026-09-22T03:13:27Z
8,Clarkesworld 8,3A,SF,2026-09-22T03:25:21Z
8,Team Callipygian 8,3A,GB,2026-09-24T13:36:35Z
8,Sherlock 8,3A,LAC,2026-09-24T13:55:21Z
8,bjoachim 8,3A,SF,2026-09-21T14:00:48Z
8,Grandview Zebras 8,3A,DET,2026-09-24T21:09:55Z
8,The Committee 8,3A,ARI,2026-09-23T19:51:22Z
8,Dave LaFond 8,3A,BUF,2026-09-27T01:59:55Z
8,Nick Latzke 8,3A,DET,2026-09-20T23:27:09Z
8,Gina Nelson 8,3A,PHI,2026-09-25T00:43:22Z
8,Schippy 8,3A,KC,2026-09-20T20:53:27Z
8,Troy Michaels 8,3A,NYG,2026-09-27T15:37:21Z
8,Bennyboy 8,3A,GB,2026-09-23T14:47:17Z
8,laruffa 8,3A,MIA,2026-09-24T23:09:35Z
8,Show Pony 8,3A,PHI,2026-09-27T18:22:53Z
8,Mash Buttatoes 8,3A,GB,2026-09-24T23:19:22Z
8,Titzer 8,3A,SF,2026-09-24T20:46:15Z
8,G unit 8,3A,KC,2026-09-22T02:22:24Z
8,Witzee 8,3A,PIT,2026-09-21T19:29:50Z
8,DutchOven 8,3A,CAR,2026-09-24T01:49:57Z
8,Half Pint Hagen 8,3A,DET,2026-09-24T20:48:49Z
8,Shores 8,3A,KC,2026-09-24T02:49:23Z
8,Coates55 8,3A,BUF,2026-09-21T06:21:44Z
8,Swarner 8,3A,NYG,2026-09-27T14:41:20Z
8,Berns Bags and Friends 8,3A,GB,2026-09-24T02:34:51Z
8,Old Gregg 8,3A,GB,2026-09-24T23:45:24Z
8,Mabel Miranda 8,3A,KC,2026-09-24T13:32:26Z
8,Randall_R 8,3A,BUF,2026-09-26T23:29:29Z
8,Showtime 8,3A,KC,2026-09-27T16:53:18Z
8,Matty Ice 8,3A,DET,2026-09-27T16:51:32Z
8,JohnD 8,3A,NYG,2026-09-27T01:12:21Z
8,Proasscoach 8,3A,SF,2026-09-22T12:17:12Z
9,Stow 9,3A,SEA,2026-09-25T03:20:45Z
9,BossHogg 9,3A,BUF,2026-09-27T11:51:29Z
9,Dobolicious 9,3A,SEA,2026-09-25T01:18:16Z
9,Larry Hess 9,3A,KC,2026-09-22T14:22:08Z
9,Oki 9,3A,SF,2026-09-24T07:05:39Z
9,Chronos 9,3A,GB,2026-09-21T19:17:17Z
9,Robert Dean 9,3A,SF,2026-09-23T17:15:55Z
9,HSJL 9,3A,GB,2026-09-21T14:31:17Z
9,Scoots28 9,3A,KC,2026-09-24T01:25:37Z
9,sweat hogs 9,3A,SEA,2026-09-27T11:55:06Z
9,Muskhogeans 9,3A,SF,2026-09-27T11:56:52Z
9,shogi 9,3A,SF,2026-09-27T11:57:14Z
9,Merril Hoge 9,3A,CIN,2026-09-27T11:56:27Z
9,orthogonal 9,3A,SF,2026-09-27T11:58:12Z
9,Number 9 9,3A,DET,2026-09-21T02:42:16Z
9,FishKing17 9,3A,MIA,2026-09-22T19:56:02Z
9,X-Ray 9,3A,NO,2026-09-27T13:47:57Z
9,.PALMER 9,3A,GB,2026-09-21T17:33:22Z
9,Lep 9,3A,CAR,2026-09-24T17:38:25Z
9,Eastside 17 9,3A,JAX,2026-09-24T01:25:27Z
9,Greenlun 9,3A,KC,2026-09-23T00:42:08Z
9,danohara 9,3A,SEA,2026-09-27T10:38:24Z
9,Schwing 9,3A,SF,2026-09-23T00:01:16Z
9,One Pump Love & Dump 9,3A,SEA,2026-09-22T16:47:00Z
9,IBian 9,3A,NO,2026-09-23T17:34:05Z
9,Tony G 9,3A,NO,2026-09-22T01:38:43Z
9,Fletch 9,3A,SF,2026-09-23T21:37:03Z
9,Morning Chuba 9,3A,KC,2026-09-24T00:17:27Z
9,WZKB 9,3A,NYG,2026-09-22T14:54:55Z
9,JEG#1 9,3A,KC,2026-09-26T00:45:17Z
9,PB -  jd/ct 9,3A,MIA,2026-09-23T01:43:58Z
9,Aidan O'Hara 9,3A,DET,2026-09-23T00:26:21Z
9,BigCat#30 - 9,3A,BUF,2026-09-27T16:21:30Z
9,Karl Havoc 9,3A,KC,2026-09-21T14:58:24Z
9,BS 9,3A,KC,2026-09-23T02:54:02Z
9,Savage outdoors 9,3A,TB,2026-09-23T14:11:33Z
9,colorado_viking 9,3A,CAR,2026-09-27T11:57:58Z
9,CTaylor 9,3A,NO,2026-09-24T02:05:58Z
9,Jake’s Irish 9,3A,PHI,2026-09-21T15:47:04Z
9,Homeslice 9,3A,NYJ,2026-09-23T18:45:05Z
9,A.K.A. King Gio 9,3A,DET,2026-09-27T07:21:40Z
9,.buckle up 9,3A,KC,2026-09-22T18:16:14Z
9,Simanek 9,3A,DET,2026-09-23T22:10:31Z
9,Skidmark 9,3A,CAR,2026-09-22T10:35:03Z
9,OMB 9,3A,DET,2026-09-25T14:35:16Z
9,Liamo 9,3A,JAX,2026-09-25T05:48:04Z
9,Tolly 9,3A,BUF,2026-09-25T03:20:45Z
9,slyoss 9,3A,DET,2026-09-27T04:54:46Z
9,A.Lewis 9,3A,KC,2026-09-23T04:30:21Z
9,Mal 9,3A,KC,2026-09-24T03:11:54Z
9,ryan miller 9,3A,DET,2026-09-27T07:23:12Z
9,BillsMafiaJA17 9,3A,SEA,2026-09-23T16:40:13Z
9,AndrewL 9,3A,SF,2026-09-26T17:25:37Z
9,The Tavern 9,3A,KC,2026-09-27T13:50:02Z
9,CSmith311 9,3A,GB,2026-09-21T12:03:49Z
9,darcyvikinggirl 9,3A,KC,2026-09-24T02:00:40Z
9,Shot to the Chops 9,3A,GB,2026-09-22T03:13:39Z
9,Clarkesworld 9,3A,BUF,2026-09-22T03:24:49Z
9,Sherlock 9,3A,SEA,2026-09-26T04:56:35Z
9,bjoachim 9,3A,KC,2026-09-21T14:01:32Z
9,Grandview Zebras 9,3A,GB,2026-09-24T21:10:07Z
9,The Committee 9,3A,BUF,2026-09-23T19:52:11Z
9,Dave LaFond 9,3A,CAR,2026-09-27T02:02:08Z
9,Nick Latzke 9,3A,KC,2026-09-24T20:21:36Z
9,Gina Nelson 9,3A,SF,2026-09-25T00:40:32Z
9,Troy Michaels 9,3A,CAR,2026-09-27T15:37:33Z
9,Bennyboy 9,3A,GB,2026-09-23T14:47:19Z
9,Schippy 9,3A,SEA,2026-09-23T05:14:21Z
9,laruffa 9,3A,GB,2026-09-24T23:09:59Z
9,Show Pony 9,3A,PHI,2026-09-27T18:23:07Z
9,Mash Buttatoes 9,3A,ATL,2026-09-24T23:18:50Z
9,Titzer 9,3A,GB,2026-09-24T20:46:23Z
9,Witzee 9,3A,GB,2026-09-21T19:29:59Z
9,DutchOven 9,3A,JAX,2026-09-24T01:50:10Z
9,Half Pint Hagen 9,3A,BUF,2026-09-24T20:49:07Z
9,Shores 9,3A,KC,2026-09-24T02:49:31Z
9,Swarner 9,3A,SF,2026-09-27T14:41:25Z
9,Berns Bags and Friends 9,3A,GB,2026-09-24T02:34:55Z
9,Old Gregg 9,3A,DET,2026-09-27T16:12:13Z
9,Mabel Miranda 9,3A,KC,2026-09-24T13:32:29Z
9,Showtime 9,3A,BUF,2026-09-27T16:53:25Z
9,Proasscoach 9,3A,KC,2026-09-23T18:22:12Z
10,Stow 10,3A,KC,2026-09-23T03:52:46Z
10,BossHogg 10,3A,BUF,2026-09-27T11:50:57Z
10,Dobolicious 10,3A,CIN,2026-09-25T01:18:32Z
10,Larry Hess 10,3A,DET,2026-09-22T14:21:49Z
10,Oki 10,3A,NO,2026-09-27T14:59:55Z
10,Chronos 10,3A,SEA,2026-09-23T22:12:45Z
10,Robert Dean 10,3A,KC,2026-09-23T17:11:46Z
10,HSJL 10,3A,CHI,2026-09-21T14:26:24Z
10,Scoots28 10,3A,PHI,2026-09-24T01:25:45Z
10,sweat hogs 10,3A,NYG,2026-09-27T11:55:15Z
10,Muskhogeans 10,3A,KC,2026-09-27T11:53:49Z
10,shogi 10,3A,KC,2026-09-27T11:53:30Z
10,Merril Hoge 10,3A,KC,2026-09-27T11:54:15Z
10,orthogonal 10,3A,JAX,2026-09-27T11:56:04Z
10,Number 9 10,3A,SF,2026-09-21T02:42:33Z
10,FishKing17 10,3A,WSH,2026-09-22T19:56:24Z
10,X-Ray 10,3A,SF,2026-09-27T13:48:07Z
10,.PALMER 10,3A,DET,2026-09-21T17:33:53Z
10,Lep 10,3A,TEN,2026-09-24T17:38:55Z
10,Eastside 17 10,3A,SEA,2026-09-24T01:27:01Z
10,Greenlun 10,3A,SEA,2026-09-23T00:42:13Z
10,danohara 10,3A,BUF,2026-09-27T10:38:48Z
10,Schwing 10,3A,SEA,2026-09-22T23:59:30Z
10,One Pump Love & Dump 10,3A,NO,2026-09-22T16:47:22Z
10,IBian 10,3A,KC,2026-09-23T17:34:13Z
10,Tony G 10,3A,NO,2026-09-22T01:38:48Z
10,Fletch 10,3A,ARI,2026-09-23T21:37:10Z
10,Morning Chuba 10,3A,KC,2026-09-24T00:17:34Z
10,WZKB 10,3A,CAR,2026-09-22T14:55:04Z
10,JEG#1 10,3A,SEA,2026-09-26T00:44:49Z
10,PB -  jd/ct 10,3A,BUF,2026-09-23T01:44:14Z
10,Aidan O'Hara 10,3A,KC,2026-09-23T00:26:31Z
10,BigCat#30 - 10,3A,BUF,2026-09-27T16:21:32Z
10,Karl Havoc 10,3A,KC,2026-09-21T14:58:26Z
10,BS 10,3A,KC,2026-09-23T02:54:12Z
10,Savage outdoors 10,3A,NO,2026-09-23T14:11:43Z
10,colorado_viking 10,3A,WSH,2026-09-27T11:57:46Z
10,CTaylor 10,3A,PHI,2026-09-24T02:05:40Z
10,Jake’s Irish 10,3A,PHI,2026-09-23T01:45:59Z
10,Homeslice 10,3A,GB,2026-09-23T18:45:18Z
10,A.K.A. King Gio 10,3A,DET,2026-09-27T07:21:44Z
10,.buckle up 10,3A,KC,2026-09-27T06:04:21Z
10,Simanek 10,3A,SF,2026-09-23T22:10:51Z
10,Skidmark 10,3A,PHI,2026-09-21T02:29:50Z
10,OMB 10,3A,DET,2026-09-20T23:37:05Z
10,Liamo 10,3A,DET,2026-09-25T05:48:29Z
10,Tolly 10,3A,KC,2026-09-23T03:52:46Z
10,slyoss 10,3A,NYG,2026-09-27T04:56:09Z
10,A.Lewis 10,3A,LAR,2026-09-23T04:30:42Z
10,Mal 10,3A,SEA,2026-09-24T03:12:12Z
10,ryan miller 10,3A,NYG,2026-09-27T07:24:00Z
10,BillsMafiaJA17 10,3A,SEA,2026-09-23T16:40:21Z
10,AndrewL 10,3A,GB,2026-09-21T18:47:10Z
10,The Tavern 10,3A,KC,2026-09-27T13:50:05Z
10,CSmith311 10,3A,GB,2026-09-21T12:03:50Z
10,darcyvikinggirl 10,3A,KC,2026-09-24T02:00:43Z
10,Shot to the Chops 10,3A,BUF,2026-09-22T03:13:42Z
10,Clarkesworld 10,3A,BUF,2026-09-22T03:26:25Z
10,Sherlock 10,3A,BUF,2026-09-26T04:57:41Z
10,bjoachim 10,3A,SF,2026-09-21T14:00:58Z
10,Grandview Zebras 10,3A,DET,2026-09-24T21:10:24Z
10,The Committee 10,3A,SEA,2026-09-23T19:51:47Z
10,Dave LaFond 10,3A,NO,2026-09-27T02:02:15Z
10,Nick Latzke 10,3A,CAR,2026-09-25T19:07:54Z
10,Gina Nelson 10,3A,KC,2026-09-25T00:41:10Z
10,Troy Michaels 10,3A,DET,2026-09-27T15:38:06Z
10,Bennyboy 10,3A,GB,2026-09-23T14:47:21Z
10,laruffa 10,3A,SEA,2026-09-24T23:09:45Z
10,Show Pony 10,3A,PHI,2026-09-27T18:24:48Z
10,Mash Buttatoes 10,3A,GB,2026-09-24T23:19:15Z
10,Titzer 10,3A,NE,2026-09-24T20:47:59Z
10,Witzee 10,3A,GB,2026-09-24T13:35:54Z
10,DutchOven 10,3A,BUF,2026-09-24T01:50:44Z
10,Half Pint Hagen 10,3A,SF,2026-09-24T20:49:17Z
10,Shores 10,3A,SEA,2026-09-24T02:49:43Z
10,Swarner 10,3A,SF,2026-09-27T14:41:36Z
10,Berns Bags and Friends 10,3A,GB,2026-09-24T02:34:57Z
10,Old Gregg 10,3A,NO,2026-09-27T16:13:00Z
10,Mabel Miranda 10,3A,SF,2026-09-24T13:32:34Z
10,Showtime 10,3A,DET,2026-09-27T16:53:38Z
10,Schippy 10,3A,KC,2026-09-20T20:54:30Z
10,Proasscoach 10,3A,TB,2026-09-22T12:17:56Z
11,BossHogg 11,3A,BUF,2026-09-27T11:51:02Z
11,Dobolicious 11,3A,JAX,2026-09-25T01:18:51Z
11,Oki 11,3A,SF,2026-09-24T07:06:09Z
11,Chronos 11,3A,ATL,2026-09-24T00:49:17Z
11,sweat hogs 11,3A,SF,2026-09-27T11:58:03Z
11,Muskhogeans 11,3A,KC,2026-09-27T11:53:54Z
11,shogi 11,3A,KC,2026-09-27T11:53:35Z
11,orthogonal 11,3A,SEA,2026-09-27T11:56:08Z
11,Stow 11,3A,KC,2026-09-23T03:52:46Z
11,Number 9 11,3A,SEA,2026-09-22T20:11:33Z
11,FishKing17 11,3A,ATL,2026-09-22T19:56:35Z
11,X-Ray 11,3A,DET,2026-09-27T13:48:12Z
11,Lep 11,3A,CAR,2026-09-21T14:35:44Z
11,One Pump Love & Dump 11,3A,CAR,2026-09-22T16:53:33Z
11,IBian 11,3A,SF,2026-09-23T17:34:25Z
11,Morning Chuba 11,3A,KC,2026-09-24T00:17:40Z
11,JEG#1 11,3A,CLE,2026-09-27T16:56:17Z
11,BigCat#30 - 11,3A,PHI,2026-09-27T16:27:48Z
11,Homeslice 11,3A,DET,2026-09-23T18:45:43Z
11,Skidmark 11,3A,ATL,2026-09-24T23:51:33Z
11,Tolly 11,3A,BUF,2026-09-25T03:20:46Z
11,slyoss 11,3A,KC,2026-09-27T04:43:58Z
11,BillsMafiaJA17 11,3A,GB,2026-09-21T02:07:27Z
11,AndrewL 11,3A,SEA,2026-09-26T17:25:49Z
11,darcyvikinggirl 11,3A,KC,2026-09-24T02:00:47Z
11,Shot to the Chops 11,3A,SF,2026-09-22T03:13:48Z
11,Sherlock 11,3A,BUF,2026-09-26T04:48:30Z
11,bjoachim 11,3A,BUF,2026-09-21T14:01:10Z
11,Nick Latzke 11,3A,GB,2026-09-24T20:21:45Z
11,Gina Nelson 11,3A,BAL,2026-09-25T00:41:55Z
11,Bennyboy 11,3A,GB,2026-09-23T14:47:23Z
11,Titzer 11,3A,GB,2026-09-24T20:48:11Z
11,Witzee 11,3A,PHI,2026-09-24T13:36:11Z
11,Scoots28 11,3A,KC,2026-09-24T01:26:39Z
11,Berns Bags and Friends 11,3A,NE,2026-09-24T02:47:15Z
12,BossHogg 12,3A,BUF,2026-09-27T11:51:08Z
12,Dobolicious 12,3A,TB,2026-09-25T01:19:07Z
12,Oki 12,3A,SF,2026-09-27T15:00:11Z
12,Chronos 12,3A,KC,2026-09-23T22:13:53Z
12,sweat hogs 12,3A,GB,2026-09-24T11:50:25Z
12,Muskhogeans 12,3A,GB,2026-09-24T11:50:11Z
12,shogi 12,3A,KC,2026-09-27T11:53:39Z
12,orthogonal 12,3A,SEA,2026-09-27T11:53:58Z
12,Stow 12,3A,PHI,2026-09-23T03:52:46Z
12,Number 9 12,3A,MIN,2026-09-21T02:42:42Z
12,FishKing17 12,3A,MIA,2026-09-22T19:56:43Z
12,X-Ray 12,3A,GB,2026-09-23T11:52:07Z
12,Lep 12,3A,NO,2026-09-24T17:41:23Z
12,One Pump Love & Dump 12,3A,CAR,2026-09-22T16:53:46Z
12,IBian 12,3A,SEA,2026-09-23T17:34:35Z
12,Morning Chuba 12,3A,KC,2026-09-24T00:17:46Z
12,JEG#1 12,3A,SF,2026-09-26T18:29:14Z
12,BigCat#30 - 12,3A,PHI,2026-09-27T16:27:52Z
12,Homeslice 12,3A,BUF,2026-09-25T01:56:46Z
12,Skidmark 12,3A,GB,2026-09-24T23:52:58Z
12,Tolly 12,3A,SF,2026-09-23T03:52:46Z
12,slyoss 12,3A,DET,2026-09-27T04:45:19Z
12,BillsMafiaJA17 12,3A,BUF,2026-09-18T16:48:02Z
12,AndrewL 12,3A,GB,2026-09-21T18:47:52Z
12,darcyvikinggirl 12,3A,KC,2026-09-24T02:00:51Z
12,Shot to the Chops 12,3A,SF,2026-09-22T03:13:54Z
12,Sherlock 12,3A,CHI,2026-09-24T13:55:32Z
12,bjoachim 12,3A,BUF,2026-09-21T14:01:58Z
12,Nick Latzke 12,3A,CAR,2026-09-24T20:21:51Z
12,Gina Nelson 12,3A,NO,2026-09-25T00:43:39Z
12,Bennyboy 12,3A,GB,2026-09-23T14:47:25Z
12,Titzer 12,3A,LAC,2026-09-24T20:48:22Z
12,Witzee 12,3A,KC,2026-09-24T13:36:20Z
12,Scoots28 12,3A,ARI,2026-09-24T01:33:50Z
12,Berns Bags and Friends 12,3A,NO,2026-09-24T02:57:44Z
13,BossHogg 13,3A,BUF,2026-09-27T11:51:13Z
13,Dobolicious 13,3A,LAC,2026-09-24T22:00:27Z
13,Oki 13,3A,SF,2026-09-27T15:00:18Z
13,Muskhogeans 13,3A,GB,2026-09-24T11:50:16Z
13,shogi 13,3A,KC,2026-09-27T11:52:58Z
13,orthogonal 13,3A,DET,2026-09-27T11:54:21Z
13,Stow 13,3A,DET,2026-09-23T03:52:46Z
13,Number 9 13,3A,NO,2026-09-21T02:42:59Z
13,FishKing17 13,3A,KC,2026-09-24T14:58:57Z
13,X-Ray 13,3A,NO,2026-09-27T13:48:37Z
13,Lep 13,3A,NO,2026-09-21T14:36:05Z
13,One Pump Love & Dump 13,3A,BUF,2026-09-26T18:52:09Z
13,IBian 13,3A,SEA,2026-09-23T17:34:44Z
13,Morning Chuba 13,3A,KC,2026-09-24T00:17:52Z
13,JEG#1 13,3A,NYG,2026-09-26T00:43:25Z
13,BigCat#30 - 13,3A,PHI,2026-09-27T16:27:57Z
13,Homeslice 13,3A,SEA,2026-09-25T01:57:32Z
13,Skidmark 13,3A,GB,2026-09-24T23:53:03Z
13,Tolly 13,3A,DET,2026-09-23T03:52:46Z
13,slyoss 13,3A,KC,2026-09-27T04:57:06Z
13,BillsMafiaJA17 13,3A,CHI,2026-09-23T16:40:44Z
13,AndrewL 13,3A,BUF,2026-09-26T17:25:58Z
13,darcyvikinggirl 13,3A,KC,2026-09-24T02:00:55Z
13,Shot to the Chops 13,3A,GB,2026-09-22T03:13:57Z
13,Sherlock 13,3A,DET,2026-09-27T16:01:43Z
13,bjoachim 13,3A,BUF,2026-09-21T14:02:20Z
13,Nick Latzke 13,3A,SF,2026-09-24T20:17:47Z
13,Bennyboy 13,3A,GB,2026-09-23T14:47:27Z
13,Titzer 13,3A,ARI,2026-09-24T20:48:42Z
13,Witzee 13,3A,SF,2026-09-23T00:48:49Z
14,BossHogg 14,3A,BUF,2026-09-27T11:51:19Z
14,Dobolicious 14,3A,PHI,2026-09-25T01:19:20Z
14,Oki 14,3A,DET,2026-09-23T07:19:44Z
14,shogi 14,3A,KC,2026-09-27T11:53:04Z
14,orthogonal 14,3A,SF,2026-09-27T11:56:41Z
14,Stow 14,3A,SF,2026-09-23T03:52:46Z
14,Number 9 14,3A,NYJ,2026-09-21T02:43:36Z
14,FishKing17 14,3A,KC,2026-09-24T14:59:08Z
14,X-Ray 14,3A,DET,2026-09-23T11:52:16Z
14,Lep 14,3A,CAR,2026-09-23T13:37:43Z
14,One Pump Love & Dump 14,3A,SEA,2026-09-26T18:52:35Z
14,IBian 14,3A,SEA,2026-09-23T17:34:53Z
14,Morning Chuba 14,3A,KC,2026-09-24T00:17:57Z
14,JEG#1 14,3A,MIN,2026-09-26T00:48:17Z
14,BigCat#30 - 14,3A,PHI,2026-09-27T16:28:01Z
14,Homeslice 14,3A,ARI,2026-09-27T04:14:48Z
14,Skidmark 14,3A,BUF,2026-09-24T23:53:27Z
14,Tolly 14,3A,KC,2026-09-23T03:52:46Z
14,slyoss 14,3A,KC,2026-09-27T04:45:10Z
14,BillsMafiaJA17 14,3A,ATL,2026-09-21T02:07:03Z
14,AndrewL 14,3A,KC,2026-09-26T17:26:03Z
14,darcyvikinggirl 14,3A,KC,2026-09-24T02:00:59Z
14,Shot to the Chops 14,3A,KC,2026-09-22T03:14:43Z
14,Sherlock 14,3A,KC,2026-09-26T04:58:39Z
14,bjoachim 14,3A,BUF,2026-09-21T14:02:25Z
14,Nick Latzke 14,3A,GB,2026-09-24T20:16:41Z
14,Bennyboy 14,3A,GB,2026-09-23T14:47:29Z
14,Titzer 14,3A,GB,2026-09-24T20:48:47Z
15,BossHogg 15,3A,BUF,2026-09-27T11:51:33Z
15,Dobolicious 15,3A,NO,2026-09-25T01:19:37Z
15,Oki 15,3A,DET,2026-09-27T15:00:36Z
15,shogi 15,3A,KC,2026-09-27T11:53:09Z
15,orthogonal 15,3A,GB,2026-09-24T11:50:20Z
15,Stow 15,3A,BUF,2026-09-25T03:20:46Z
15,Number 9 15,3A,LAC,2026-09-24T23:49:41Z
15,FishKing17 15,3A,KC,2026-09-24T14:59:13Z
15,X-Ray 15,3A,DET,2026-09-27T13:48:42Z
15,Lep 15,3A,CAR,2026-09-24T17:24:27Z
15,One Pump Love & Dump 15,3A,SF,2026-09-26T18:53:02Z
15,IBian 15,3A,SF,2026-09-23T17:35:05Z
15,Morning Chuba 15,3A,KC,2026-09-24T00:18:02Z
15,JEG#1 15,3A,PHI,2026-09-27T16:57:48Z
15,BigCat#30 - 15,3A,PHI,2026-09-27T16:28:04Z
15,Homeslice 15,3A,BUF,2026-09-23T18:52:16Z
15,Skidmark 15,3A,DET,2026-09-24T23:53:38Z
15,Tolly 15,3A,BUF,2026-09-25T03:20:46Z
15,slyoss 15,3A,DET,2026-09-27T04:45:24Z
15,BillsMafiaJA17 15,3A,BUF,2026-09-18T16:48:11Z
15,AndrewL 15,3A,GB,2026-09-24T18:43:30Z
15,darcyvikinggirl 15,3A,KC,2026-09-24T02:01:03Z
15,Shot to the Chops 15,3A,KC,2026-09-22T03:14:11Z
15,Sherlock 15,3A,SEA,2026-09-26T04:50:55Z
15,bjoachim 15,3A,SF,2026-09-21T14:02:33Z
15,Nick Latzke 15,3A,DET,2026-09-25T19:07:27Z
15,Bennyboy 15,3A,GB,2026-09-23T14:47:30Z
15,Titzer 15,3A,KC,2026-09-24T20:48:56Z
16,BossHogg 16,3A,BUF,2026-09-27T11:51:38Z
16,Dobolicious 16,3A,BAL,2026-09-25T01:19:44Z
16,Oki 16,3A,GB,2026-09-24T07:06:54Z
16,shogi 16,3A,KC,2026-09-27T11:53:14Z
16,orthogonal 16,3A,SF,2026-09-27T11:57:54Z
16,Stow 16,3A,KC,2026-09-23T03:52:47Z
16,FishKing17 16,3A,NYG,2026-09-24T14:59:30Z
16,X-Ray 16,3A,CHI,2026-09-21T20:52:18Z
16,Lep 16,3A,NYG,2026-09-21T14:33:30Z
16,One Pump Love & Dump 16,3A,DET,2026-09-26T18:55:08Z
16,IBian 16,3A,SEA,2026-09-23T17:35:37Z
16,Morning Chuba 16,3A,KC,2026-09-24T00:18:09Z
16,JEG#1 16,3A,SF,2026-09-27T18:50:00Z
16,BigCat#30 - 16,3A,SEA,2026-09-27T16:13:03Z
16,Homeslice 16,3A,DET,2026-09-23T18:52:28Z
16,Skidmark 16,3A,SF,2026-09-24T23:53:57Z
16,Tolly 16,3A,KC,2026-09-23T03:52:47Z
16,slyoss 16,3A,DET,2026-09-27T04:57:15Z
16,AndrewL 16,3A,SF,2026-09-26T17:26:11Z
16,darcyvikinggirl 16,3A,KC,2026-09-24T02:01:07Z
16,Shot to the Chops 16,3A,KC,2026-09-22T03:14:18Z
16,Sherlock 16,3A,SEA,2026-09-26T04:59:23Z
16,Nick Latzke 16,3A,KC,2026-09-24T20:18:25Z
16,Bennyboy 16,3A,GB,2026-09-23T14:47:32Z
17,BossHogg 17,3A,BUF,2026-09-27T11:51:44Z
17,Dobolicious 17,3A,KC,2026-09-25T01:20:07Z
17,Oki 17,3A,DET,2026-09-27T15:00:48Z
17,shogi 17,3A,SF,2026-09-27T11:57:20Z
17,orthogonal 17,3A,BUF,2026-09-27T11:55:59Z
17,Stow 17,3A,SF,2026-09-23T03:52:47Z
17,FishKing17 17,3A,NYG,2026-09-24T14:59:36Z
17,X-Ray 17,3A,CAR,2026-09-23T12:31:08Z
17,Lep 17,3A,NO,2026-09-23T13:37:57Z
17,One Pump Love & Dump 17,3A,MIN,2026-09-26T18:57:11Z
17,IBian 17,3A,SEA,2026-09-23T17:35:44Z
17,JEG#1 17,3A,BUF,2026-09-26T00:47:06Z
17,BigCat#30 - 17,3A,SEA,2026-09-27T16:13:07Z
17,Homeslice 17,3A,SF,2026-09-23T18:53:05Z
17,Skidmark 17,3A,GB,2026-09-24T23:54:03Z
17,Tolly 17,3A,PHI,2026-09-23T03:52:47Z
17,slyoss 17,3A,SF,2026-09-27T04:57:32Z
17,Shot to the Chops 17,3A,GB,2026-09-22T03:14:22Z
17,Sherlock 17,3A,GB,2026-09-24T20:16:54Z
17,Nick Latzke 17,3A,PHI,2026-09-24T20:18:45Z
17,Bennyboy 17,3A,GB,2026-09-23T14:47:35Z
17,AndrewL 17,3A,KC,2026-09-21T18:47:58Z
18,BossHogg 18,3A,BUF,2026-09-27T11:51:48Z
18,Dobolicious 18,3A,SEA,2026-09-25T01:20:26Z
18,Oki 18,3A,NO,2026-09-27T15:01:10Z
18,shogi 18,3A,SF,2026-09-27T11:57:25Z
18,orthogonal 18,3A,JAX,2026-09-27T11:56:32Z
18,Stow 18,3A,DET,2026-09-23T03:52:47Z
18,X-Ray 18,3A,GB,2026-09-23T12:31:37Z
18,Lep 18,3A,DET,2026-09-24T17:25:18Z
18,One Pump Love & Dump 18,3A,PHI,2026-09-26T18:56:29Z
18,IBian 18,3A,ARI,2026-09-23T17:35:56Z
18,JEG#1 18,3A,MIA,2026-09-23T10:40:57Z
18,BigCat#30 - 18,3A,SEA,2026-09-27T16:13:10Z
18,Homeslice 18,3A,KC,2026-09-23T18:54:36Z
18,Skidmark 18,3A,ATL,2026-09-24T23:52:14Z
18,Tolly 18,3A,SF,2026-09-23T03:52:47Z
18,slyoss 18,3A,KC,2026-09-27T04:44:15Z
18,Shot to the Chops 18,3A,BUF,2026-09-22T03:14:26Z
18,Sherlock 18,3A,NYG,2026-09-26T04:58:14Z
18,Nick Latzke 18,3A,DET,2026-09-24T20:18:54Z
18,Bennyboy 18,3A,GB,2026-09-23T14:47:37Z
18,FishKing17 18,3A,KC,2026-09-24T14:59:49Z
18,AndrewL 18,3A,SEA,2026-09-26T17:26:18Z
19,BossHogg 19,3A,BUF,2026-09-27T11:51:53Z
19,Dobolicious 19,3A,WSH,2026-09-24T22:00:41Z
19,Oki 19,3A,NO,2026-09-27T15:01:21Z
19,shogi 19,3A,SF,2026-09-27T11:57:09Z
19,orthogonal 19,3A,DET,2026-09-27T11:56:22Z
19,Stow 19,3A,SF,2026-09-23T03:52:47Z
19,X-Ray 19,3A,PHI,2026-09-23T12:32:06Z
19,Lep 19,3A,CAR,2026-09-24T17:24:52Z
19,One Pump Love & Dump 19,3A,DET,2026-09-26T18:56:40Z
19,IBian 19,3A,SF,2026-09-23T17:36:12Z
19,JEG#1 19,3A,CIN,2026-09-26T00:42:41Z
19,BigCat#30 - 19,3A,SEA,2026-09-27T16:13:13Z
19,Homeslice 19,3A,GB,2026-09-23T18:55:22Z
19,Skidmark 19,3A,BUF,2026-09-24T23:54:16Z
19,Tolly 19,3A,DET,2026-09-23T03:52:47Z
19,slyoss 19,3A,NYG,2026-09-27T04:57:53Z
19,Shot to the Chops 19,3A,KC,2026-09-22T03:14:30Z
19,Sherlock 19,3A,NYG,2026-09-26T04:51:20Z
19,Nick Latzke 19,3A,SF,2026-09-25T19:08:29Z
19,Bennyboy 19,3A,GB,2026-09-23T14:47:39Z
19,FishKing17 19,3A,GB,2026-09-24T15:00:04Z
19,AndrewL 19,3A,KC,2026-09-21T18:48:06Z
20,BossHogg 20,3A,BUF,2026-09-27T11:51:58Z
20,Dobolicious 20,3A,NYJ,2026-09-24T22:00:57Z
20,Oki 20,3A,DET,2026-09-27T15:01:30Z
20,shogi 20,3A,BUF,2026-09-27T11:54:31Z
20,orthogonal 20,3A,PHI,2026-09-27T11:58:29Z
20,Stow 20,3A,SF,2026-09-23T03:52:47Z
20,X-Ray 20,3A,DET,2026-09-24T21:56:46Z
20,Lep 20,3A,NO,2026-09-24T17:25:45Z
20,One Pump Love & Dump 20,3A,TEN,2026-09-26T18:58:01Z
20,IBian 20,3A,KC,2026-09-23T17:36:20Z
20,JEG#1 20,3A,NO,2026-09-23T16:50:47Z
20,BigCat#30 - 20,3A,SEA,2026-09-27T16:13:15Z
20,Homeslice 20,3A,DET,2026-09-23T18:55:42Z
20,Skidmark 20,3A,GB,2026-09-24T23:54:22Z
20,Tolly 20,3A,SF,2026-09-23T03:52:47Z
20,slyoss 20,3A,NYG,2026-09-27T04:47:44Z
20,Shot to the Chops 20,3A,SF,2026-09-22T03:14:35Z
20,Sherlock 20,3A,GB,2026-09-24T20:17:22Z
20,Nick Latzke 20,3A,SF,2026-09-24T20:19:08Z
20,Bennyboy 20,3A,GB,2026-09-23T14:47:48Z
20,FishKing17 20,3A,GB,2026-09-24T15:00:10Z
20,AndrewL 20,3A,GB,2026-09-24T18:43:44Z
21,BossHogg 21,3A,SEA,2026-09-27T11:52:08Z
21,Oki 21,3A,SF,2026-09-23T07:22:34Z
21,X-Ray 21,3A,WSH,2026-09-23T11:41:58Z
21,BigCat#30 - 21,3A,SF,2026-09-27T16:38:44Z
21,FishKing17 21,3A,GB,2026-09-24T15:00:17Z
22,BossHogg 22,3A,SEA,2026-09-27T11:52:12Z
22,X-Ray 22,3A,GB,2026-09-24T22:00:34Z
22,BigCat#30 - 22,3A,SF,2026-09-27T16:38:48Z
23,BossHogg 23,3A,KC,2026-09-27T11:50:47Z
23,X-Ray 23,3A,NO,2026-09-27T13:50:08Z
23,BigCat#30 - 23,3A,SF,2026-09-27T16:38:51Z
24,BossHogg 24,3A,KC,2026-09-27T11:50:51Z
24,BigCat#30 - 24,3A,SF,2026-09-27T16:38:54Z
25,BossHogg 25,3A,DET,2026-09-27T14:23:20Z
25,BigCat#30 - 25,3A,SF,2026-09-27T16:38:57Z
26,BigCat#30 - 26,3A,KC,2026-09-27T16:11:39Z
27,BigCat#30 - 27,3A,KC,2026-09-27T16:11:43Z
28,BigCat#30 - 28,3A,KC,2026-09-27T16:11:47Z
29,BigCat#30 - 29,3A,KC,2026-09-27T16:11:50Z
30,BigCat#30 - 30,3A,KC,2026-09-27T16:11:53Z
31,BigCat#30 - 31,3A,KC,2026-09-27T16:39:41Z
32,BigCat#30 - 32,3A,KC,2026-09-27T16:39:44Z
33,BigCat#30 - 33,3A,KC,2026-09-27T16:39:46Z
34,BigCat#30 - 34,3A,KC,2026-09-27T16:39:50Z
35,BigCat#30 - 35,3A,KC,2026-09-27T16:39:53Z
36,BigCat#30 - 36,3A,SF,2026-09-27T16:22:15Z
37,BigCat#30 - 37,3A,SF,2026-09-27T16:22:19Z
38,BigCat#30 - 38,3A,SF,2026-09-27T16:22:21Z
39,BigCat#30 - 39,3A,SF,2026-09-27T16:22:24Z
40,BigCat#30 - 40,3A,SF,2026-09-27T16:22:27Z
41,BigCat#30 - 41,3A,KC,2026-09-27T16:26:01Z
42,BigCat#30 - 42,3A,KC,2026-09-27T16:26:09Z
43,BigCat#30 - 43,3A,KC,2026-09-27T16:26:14Z
